date,Mkt-RF,SMB,HML,CMA,RMW,XMY
1963-07-31,-0.0025738012395934264,-0.0011410842892712561,0.01066093095963865,-0.0017960445428542831,-0.006181511398389389,-0.0076873164767095265
1963-08-31,0.051112775980412674,-0.0027357678889319693,0.022448061151483324,-0.008099181348886951,-0.0009851698525459099,-0.00048594531327324914
1963-09-30,-0.014528783206101252,-5.0486355108020006e-05,0.003685935972846031,0.006059887399628743,-0.0013318944821979677,0.009434158927482169
1963-10-31,0.029988335496808387,0.027839470179935485,0.01949708372612329,-0.02551784956376237,0.015914119868079786,0.01191681028852784
1963-11-30,-0.007857599809294022,0.005811987504701771,0.008132708662407874,0.0037671660803972338,0.007468013156516158,0.004172097157619953
1963-12-31,0.020683539080010683,-0.007825380123540567,-0.007330726797077903,0.0016535764596087507,0.007389886745937487,0.0016293597487267546
1964-01-31,0.02452696589168266,0.022018588573176186,0.01650144316704797,-0.02732599584959089,0.02498585074752456,0.002584359734741023
1964-02-29,0.01503740276436909,0.02650265982229479,0.03592084036259418,-0.016757114408146395,0.03839064147208529,-0.02577086789416751
1964-03-31,0.013923710551779591,0.04561738608194447,0.050338155654573113,-0.012612529712508673,0.030062682481866488,0.006055268958689106
1964-04-30,0.0021516537326266424,-0.032522105977925465,-0.016677950783746228,0.014653922068512144,-0.028302454269900083,0.004517095176401937
1964-05-31,0.013417687754052192,0.008277651831216993,0.006925378615113375,0.0057699840892157074,0.025409607688236628,0.0047310357903972726
1964-06-30,0.014545452714265732,-0.0010623672770194784,0.001197868466252994,0.006790138536404054,-0.008863936460690464,0.00296162857149448
1964-07-31,0.01736678049913726,0.0009413377156601184,-0.002039039250092363,0.006260053523021638,-0.005541922366738986,0.0010231375193057654
1964-08-31,-0.014112541933763652,0.0020309585955786483,0.0012825095107760007,-0.01868276433643233,-0.008190015368518561,0.0035101997089376485
1964-09-30,0.02714170857384353,0.00564935681274617,-0.005854889100133556,0.021596545796540783,-0.012139209439503643,-0.005271328259233897
1964-10-31,0.005202075181559905,0.03050077510040165,-0.015703346663943962,0.01946203704835732,0.002815864676561367,0.0029089457794260337
1964-11-30,0.0010869271935956574,0.0028786272508950174,-0.012902870307637726,0.009153861673923406,0.007259893450303056,0.0005135420672607244
1964-12-31,0.0020249473288730573,0.001739145644925901,-0.011374030030326865,0.00577948985706939,0.01643045294830148,0.013695989115038552
1965-01-31,0.0339094281300745,0.02232649927021672,0.015454482342901548,0.005534605360314783,0.01445342176274027,-0.013789524125655615
1965-02-28,0.002985318168378161,0.04358403930565759,0.002856775827990973,0.02748440323146449,0.015460972948275753,0.005643739351994151
1965-03-31,-0.015349211813365437,0.016216156304992273,0.01129300508424401,-0.0038837247433381374,0.006026210551031987,-0.002727358320840209
1965-04-30,0.03244331013055876,0.016673342216738128,0.010734286814838505,-0.0270379086521023,0.0182124683350295,0.01634651317561035
1965-05-31,-0.004893798411046638,-0.0002931898153010386,-0.005592313113660711,0.005677067296696977,0.007443956311470655,-0.0065315005618811215
1965-06-30,-0.051552785878283186,-0.04378885369661222,-0.00873419907244731,-0.00654722746647496,-0.015622483604969171,-0.007191129930249619
1965-07-31,0.012699063584790985,0.014679953043524315,-0.0038590153021316217,0.0012481157329625075,-0.0041515728089951175,-0.002125934531419921
1965-08-31,0.026237158021277168,0.026070656332645832,0.0012666003440389706,-0.004620203467701528,0.003386775879190132,0.020555222707694228
1965-09-30,0.02984684536930242,0.015703171650225146,-0.01090596573487792,-0.0045550773799565005,-0.008595411805947216,0.008192064750361789
1965-10-31,0.02505189326358384,0.021047663595907585,0.0191574793622768,0.005541500828386718,0.02066371613688418,-0.010380613747701243
1965-11-30,-0.0024202929730093212,0.041289716167153635,0.009557278392735236,0.005552254322060926,0.02369626037828271,-0.003603096472986385
1965-12-31,0.008194083455419991,0.01986594249729504,0.021139015265412217,0.0015520416265342766,-0.0008660181106814428,0.006951053447886029
1966-01-31,0.003417598270626468,0.034042103553341765,0.015389916411764844,-0.003341046371413775,-0.006153941475818062,-0.014134121241761109
1966-02-28,-0.014427948883067953,0.039271339624338486,0.0020435781032896753,-0.013319658900701494,-0.01961214344446325,0.006876827641252196
1966-03-31,-0.02472453301041761,0.005413932161289055,-0.01751022565733768,0.01029545004029188,0.005391705099817408,0.0016951977584164606
1966-04-30,0.019960928975863608,0.025120718967799643,0.0052306623628240855,-0.0074100282040467985,0.0039840855029187605,0.02102684047993764
1966-05-31,-0.054682955997103766,-0.022842782654974702,-0.03351180639452148,0.0037800368465215344,-0.009508140542777307,-0.01670990513798024
1966-06-30,-0.01435852521649528,0.011311623177085792,0.01719113390804779,0.005735873197142485,0.008150334451315275,0.009917780108344869
1966-07-31,-0.015786825661395176,0.01686444153167444,-0.00161880627364975,0.016511056561720514,0.0043349330047586674,0.0007287229506130527
1966-08-31,-0.0780301977818963,-0.04139772139413872,0.023228698892351463,0.0017455382238682482,0.006657276132905066,0.0014707832259199945
1966-09-30,-0.009576561303584823,-0.00204361621852071,-0.0068906470028164074,0.019183496698325832,-0.006281156626231619,0.00023396582471731957
1966-10-31,0.04041096909105002,-0.053005603572508136,0.005311926164519976,0.016827081722110945,-0.02451200113455624,0.014714383194028284
1966-11-30,0.012909081925085669,0.041174636963243166,-0.0315154689408766,-0.0225768391795346,0.010490143578176592,-0.006914110427934217
1966-12-31,-6.677555012506685e-05,0.02520883212120476,-0.016146860131147085,-0.0038225697105676508,-0.010015867915048571,0.005543106543252178
1967-01-31,0.07711236625370567,0.07501348221670898,0.023147687671111347,-0.035044485926888934,0.01478126686124702,-0.0035471677312638454
1967-02-28,0.005641056007425908,0.0066774533429424365,-0.01640607770460424,-0.00870631727021665,0.002588677722906819,0.0006644091683098933
1967-03-31,0.03981091168927299,0.02743473692202077,0.011825310144965642,-0.016366000861705116,0.012940045483771095,-0.006481620565976128
1967-04-30,0.04027159484580819,0.01581399424721955,-0.016215166948121328,-0.007102840833621872,0.00046037689206509386,-0.0013418497986103645
1967-05-31,-0.045713078129465186,0.03224891226966649,0.0006424302545597789,0.01108633533118392,-0.003922911570537712,0.000907006442555959
1967-06-30,0.02035573682935376,0.055176276904790336,0.009353237077777464,-0.023543121348373948,-0.005402211677444348,0.0008974614351326682
1967-07-31,0.04527885947190357,0.025517302763732333,0.01473405716957567,-0.013065926590313595,0.0029488479963425546,0.006556198498783819
1967-08-31,-0.009936007182195264,-0.0018645752801178426,0.008415535344052484,0.005597213474540266,0.006750318486810921,-0.0031858600076636787
1967-09-30,0.03059395132047912,0.008051751048927969,0.014568972746200753,-0.005952709751047343,0.010765850562390308,0.0060566247964816
1967-10-31,-0.029856219379141107,0.013344359285289556,-0.02150618514253598,-0.006079004500311781,-0.012313017358833287,0.01473747630612034
1967-11-30,0.0032736835795669213,0.002909426304668949,-0.0178233600048824,-0.006146818928093507,-0.007341642897695875,-0.0034362695219647714
1967-12-31,0.026955126402247547,0.04903185179959281,-0.005352292082535896,-0.007709155653906312,-0.0092464512645729,-0.0033566075545042803
1968-01-31,-0.04199382575021132,0.04346797393688007,0.018364882767906317,0.029942457107822017,-0.009378486873749241,0.0021082183134762747
1968-02-29,-0.03514862646554179,-0.020870936555121525,0.002943282022256258,0.023863042208434368,0.00143921315343757,-0.0035984815029525205
1968-03-31,0.002905467912866764,-0.01608626781655051,-0.00549790091434804,-0.008816562129951126,0.003423095441050141,0.004777405971314225
1968-04-30,0.08595281226570578,0.051916514409749,0.006463638942828864,-0.024499228080126945,0.013418455160155609,0.02279888262500533
1968-05-31,0.017797835924716083,0.07307738951056911,-0.0033636581408220817,-0.015408874045617084,0.0006628764457686787,-0.0020571750386777217
1968-06-30,0.006595742187493868,-0.0013520768862049155,-0.002901374930842977,0.013529974787446143,-0.004578486953213973,-0.005283071661649354
1968-07-31,-0.02663490936514492,-0.011687402470232904,0.03942629331562833,0.0054948348289809365,-0.004272789927788012,0.00198333579931843
1968-08-31,0.012543906017250929,0.024718164433108515,0.01009319012199832,0.0026354097635545057,-0.004078647113859694,0.0030153802095093177
1968-09-30,0.03792488986009735,0.013582983511930049,-0.006770156358554172,-0.014508296577799375,-0.014108604153291612,0.011305098142047762
1968-10-31,0.0035289902481931102,0.0009080566733887603,0.019699478714763952,0.0005994799589576963,0.0004108752176951552,0.0016386464774865975
1968-11-30,0.053716545932941284,0.025336148108094383,0.004364982285909383,-0.011065295007954098,0.0029293444767732324,-0.001562756985944741
1968-12-31,-0.040993176592703656,0.039548390819114834,-0.0005028900721371892,0.005314948188383503,-0.0109093326810077,-0.003745150861887685
1969-01-31,-0.013563418703716176,-0.0065231710561890355,0.0051517688490429064,0.0071885221077081785,-0.005131387569811616,0.003736005734695956
1969-02-28,-0.05497910357539787,-0.032182523425581804,0.01036765143580784,0.012263698334208107,0.016108966325909822,-0.010189574167406623
1969-03-31,0.02828194025358605,-0.004338592194887071,-0.004268335356585433,-0.006442869188781114,-0.015894275919316046,-0.006179549686814025
1969-04-30,0.01594671814711205,-0.009086502468340949,-0.01561826778713788,0.011862870933534131,-0.009683215886988531,0.0037962319134667976
1969-05-31,-0.0015442828449185072,0.004317556800052869,0.0023318098983205714,0.008459355504676499,-0.003315061374298445,-0.004624518525283653
1969-06-30,-0.06768316168090657,-0.03542956439620988,-0.00014322304349194404,0.00502390277879379,0.0242414704269538,-0.0014971897636506248
1969-07-31,-0.06842720738239634,-0.0279020235865563,0.011881674918895479,0.01380115653412664,0.013831525137400087,-0.0010229369967071356
1969-08-31,0.04546008364255903,0.004107415559694641,-0.03125973358711855,-0.02363702383522033,-0.013498768854447387,0.00819126961395309
1969-09-30,-0.031327609549465917,0.010405254729807696,-0.02087284301340896,0.008703779973753576,0.012931430703814877,-0.0022136302029916767
1969-10-31,0.04841165401226009,0.0213507689474495,-0.012237555043504723,-0.014898560549941063,-0.00015406607474895145,-0.0007522400603977852
1969-11-30,-0.0372837702385614,-0.02488016202153606,-0.00615121667795126,0.001979001265262098,0.0024508323709592217,-0.003785246654841222
1969-12-31,-0.024505743918104592,-0.03855485621664486,-0.014577431975036826,0.00576795356052711,0.009220857141385534,-0.005723874057898253
1970-01-31,-0.08192098150043453,0.046814894905208536,0.009068735216256452,0.028795247811047368,-0.0042841311295839036,-0.01332574784590293
1970-02-28,0.05121573271053032,-0.037058174567635764,0.013556427862988768,0.00603422551578299,-0.008332743475888367,0.00017957111480708388
1970-03-31,-0.008082685568614498,-0.007340991768641731,0.0291393713654612,0.023533250661895155,0.02157421631577513,0.001235135973767825
1970-04-30,-0.10563924013001236,-0.04737691634312552,0.05413731108071705,0.021173344621965386,0.027481922570784082,-0.0077016583104351785
1970-05-31,-0.06664365529123792,-0.03075948769169257,0.02739881194589741,0.013580163997773384,0.012978434632068409,-0.004399277341009103
1970-06-30,-0.057512951999832126,-0.03032766652611208,0.026416990815407868,0.010711106702222141,0.02657411582666504,-0.017689585233698797
1970-07-31,0.06912705481911861,-0.0016799339938839695,0.0009112194779431344,0.010587647061607641,0.0006476263963726275,-0.0014455688589557064
1970-08-31,0.04515463961489924,0.02249347352964566,0.010640996739255629,0.007988004645506376,0.01520075722383852,-0.0033490622548713114
1970-09-30,0.03840704676818652,0.08549323228299023,-0.04294409216443162,-0.01687070890443904,-0.017379599010670186,0.003439640245259751
1970-10-31,-0.02152593201589526,-0.04391561468398555,0.006850947486703729,0.014173826232467438,0.014612817541831441,-0.0012688967579196073
1970-11-30,0.04710281684798138,-0.03926831958242162,0.010380837434385443,0.004133503186601877,0.010723358304575614,-0.015664600471513582
1970-12-31,0.057902699256182966,0.02067918043043951,0.01934988538108551,-0.014740439896023276,0.014523300323476457,0.006209092775870771
1971-01-31,0.04535371056630398,0.06891405018093333,0.009708881375096805,0.0005069778818179299,-0.006127606159426438,0.0167295996187507
1971-02-28,0.013051985705689374,0.009509030259382444,-0.002124285611527426,-0.011332934282423044,0.0021102842862097053,0.012645189182572559
1971-03-31,0.040349534727511266,0.020296743333293,-0.03205766811250986,-0.0065218933689431685,-0.0008103674333053215,0.0005777166960814831
1971-04-30,0.0321498471169292,0.004584186323547859,-0.012105583436687418,0.01896446114968021,-0.00754344276890937,0.010920567594611337
1971-05-31,-0.04008445306532018,-0.01179517250239543,-0.0071695152362984405,0.011914790516303543,0.002912148206229849,-0.0006125789647649162
1971-06-30,-0.0010643539367495456,-0.020719229842357585,-0.00706127782148959,-0.004705283360887509,0.007682870491645709,-0.004338272250422091
1971-07-31,-0.044651353873086594,0.008329089726633564,-0.013908777599097616,0.013648658163873048,-0.013893983793177469,-0.001955860486179212
1971-08-31,0.03764438342881907,-0.011018972897939794,0.009614059059242813,-0.0037340619475112607,0.008812863666444223,0.011868601422850691
1971-09-30,-0.008680738333624202,0.008512322061676987,-0.015078848507193772,-0.00025564021285449934,0.0009022866696432527,-0.0006688730745306095
1971-10-31,-0.04376962792503991,-0.01607789869676786,0.009708470109114796,-0.0141292711564854,0.007556528189164455,0.004742489496309947
1971-11-30,-0.0039036772143287717,-0.028626855921355717,-0.0019238188701068085,0.0005567118253274188,0.012502606447714336,0.00028074060721282497
1971-12-31,0.08705270856992164,0.024959266080796697,0.0009124035522765225,-0.009769698957949048,0.004054543791612839,-0.0040134971112957135
1972-01-31,0.022718890261282442,0.06788697636079638,-0.000935039468454718,0.0063847460079050535,-0.010235828092317552,0.010074456294384693
1972-02-29,0.028489606211116337,0.001656900000216243,-0.019491749227924054,0.003519665647804045,0.0019066487702629961,-0.008744138622825526
1972-03-31,0.005829453026477607,-0.003815999148283901,-0.02173721137057234,0.003879056232849481,-0.0002189558747827808,0.007458387880243792
1972-04-30,0.003696182082199415,-0.0007502890597090961,-0.0007614983604601173,0.002366265075645307,-0.001274531198234547,-0.005377642711742613
1972-05-31,0.013270974172494943,-0.030761196066231983,-0.0034488675993435284,-0.006557226398599889,0.010469192240339329,0.0023724504375641237
1972-06-30,-0.02347090577983718,-0.0016958280642043536,-0.00753388959176609,0.003589972490786838,0.003813908162249375,0.0028582809501996216
1972-07-31,-0.005787684093153258,-0.0207757511893304,0.010758293540438744,-0.005879234104152243,0.013523453247427214,-0.004706003584974
1972-08-31,0.03353893474125751,-0.03602495505510653,0.0371034974271058,0.01131570944441848,0.012473737097930577,-0.003743420910709575
1972-09-30,-0.010529238039388123,-0.01956109671733205,0.0011183759768959127,-0.009206898488596415,0.0020554658114519233,-0.00439278208637011
1972-10-31,0.005378070971258303,-0.02424278283229192,0.012384470452070374,-0.00030495557149673946,0.0006298146547449102,0.0003763551995941924
1972-11-30,0.04555678643082807,-0.0030737069996219155,0.030624830013447082,0.009058993200224387,-0.0006287790747672231,0.00023970327588603013
1972-12-31,0.0070884912364657954,-0.014038229392484438,-0.010169968598907337,-0.004536535608994936,0.007859951920162759,-0.012665967900551458
1973-01-31,-0.02822393669707538,-0.02241465761047637,0.03699497093887195,0.0026067425679504874,0.01404784559412988,0.002033420932298989
1973-02-28,-0.04478673375658498,-0.024673044430297518,0.022361689986913257,0.0019489588472002624,0.007338764418944163,0.007306061822172492
1973-03-31,-0.009667014771031556,-0.019595173157922943,0.03367946004021403,0.0011435346851869554,0.005666828197738991,-0.0015712342662204009
1973-04-30,-0.04994425035661182,-0.02158205705310122,0.04242588930440288,0.005460101677560406,0.003715824236590747,0.002259218411747928
1973-05-31,-0.02435225315587883,-0.05064225459400405,0.01343643617272392,-0.003568574100528854,0.00952743096928032,-0.005792294071433364
1973-06-30,-0.01381040025929124,-0.017262319838099744,0.00978515931073103,0.005227182590843395,-0.000941530075558375,0.007824902358863753
1973-07-31,0.04587321077833704,0.07366372666946214,-0.04970097454641186,-0.00968813555938361,-0.004380436363593296,-0.00033998953405435517
1973-08-31,-0.03819213772912143,-0.01853143805978557,-0.001937037879148007,0.0032135181047121264,-0.00790747249515833,0.011668303723210514
1973-09-30,0.045210074268279145,0.035647401182143545,0.01101775945397898,0.008638956364824563,-0.003935694395552858,-0.0069599427667354895
1973-10-31,-0.0070296785219558155,0.01001604883809503,-0.013277254240653326,0.014992001183839504,-0.027038636234358832,-0.010353397453195964
1973-11-30,-0.12419075902097465,-0.07301074495905713,0.02445392223312753,0.012920912434030207,-0.01142739129398912,-0.022497478429130274
1973-12-31,0.00881310354126687,-0.052890501036433904,0.025121713588210758,0.005894708307906961,-0.020903122922579363,-0.009912335047894695
1974-01-31,-0.005442056435181201,0.10230529916433898,0.030432792237869738,0.013921786346979714,0.011581830091642695,0.008428605759887367
1974-02-28,-0.0038294905301392655,-0.006170130981918732,0.020722276161381645,0.0027685891521007787,0.0028838078770483085,-0.006181655896963788
1974-03-31,-0.02776616170086262,0.015082406349600334,0.004340263382441034,0.0009359424109002881,0.02340579766877396,0.010418011634912428
1974-04-30,-0.05034426904091442,-0.0077390706060370485,0.008733592986251336,0.005123743391297099,0.017955947323520426,0.011399882302065796
1974-05-31,-0.04177036019615274,-0.03840806561541565,0.0004880578984145581,-0.004520901883567206,0.026582072453251882,0.00857942320431545
1974-06-30,-0.02373198284934136,-0.0004375275706435602,0.003426889128168916,0.017987084724692494,0.004327186398322948,-0.0010408989411729503
1974-07-31,-0.08102471848207718,0.011390324907416371,0.03592242101879474,0.0035655893489589603,-0.015355230434289331,0.009145377500646257
1974-08-31,-0.09281151932294388,0.0019867139180060056,0.013821437529640448,0.02040902019760852,0.009911167353701721,-0.0248243032067098
1974-09-30,-0.11978684471580135,-0.0012541599628353578,0.03261556654392779,0.013587010793164224,-0.015667772332001145,-0.0036291194264890655
1974-10-31,0.1645403603990279,-0.02757244117221017,-0.07008095959310875,-0.00023635879056357886,-0.023854048282697937,0.0009277358712284356
1974-11-30,-0.04538084460295508,-0.01354006405781371,-0.008667951520945447,0.013162093810069518,-0.009151522020877543,-0.00693357384466619
1974-12-31,-0.03365525664750947,-0.0509586553490384,-0.0035865615870785275,0.016467988660873456,0.0027322177933053328,-0.0031852808289458273
1975-01-31,0.13458047503151582,0.11169981534077084,0.05899538239930933,-0.02865440665380467,-0.00024028727903066538,0.005420939730561486
1975-02-28,0.05703167757392296,0.007165248660294839,-0.036668709728783236,-0.0018439001853601878,-0.004423396773979939,-0.0033705584108227465
1975-03-31,0.027302829912779464,0.03267415035279046,0.01688609691478573,0.0005965579641400848,0.021926747456638973,0.002240736010359179
1975-04-30,0.04277495632998029,-0.0010093614491645114,-0.005240791015865484,0.00481087352673612,0.010252431206660235,0.012213981178704907
1975-05-31,0.05192392450534322,0.028888843845001105,-0.02994830879235416,-0.008769147971058752,-0.015259746674425012,-0.009259989065007185
1975-06-30,0.0481499002968112,0.003840363289334944,0.007167262122197594,-0.006671431645562803,-0.0121402883834848,0.0010177517887013932
1975-07-31,-0.06728646908403321,0.02889309147102178,0.010726640795336084,0.006047364728480033,0.00207918201282839,-0.008946993648495171
1975-08-31,-0.02798499501771011,-0.03601178654854851,0.004653789259871692,-0.00022954958486885724,0.009550085317360173,-0.0037464689041587576
1975-09-30,-0.042298174321322775,0.0013484579105368585,0.0003185049434841145,0.003197844551853464,0.0035350595686192633,0.006017891375624532
1975-10-31,0.05443294525522099,-0.03797010965021647,-0.0026328104640997232,0.009421368327798198,-0.012504419517631976,-0.0009663625197093713
1975-11-30,0.026879443736080148,-0.012309342352797448,0.007332108718207352,0.012746386586731629,-0.0038076760357387686,0.004506069570198938
1975-12-31,-0.0162560882865993,0.00010796108694724124,0.010559095227396714,0.002976958744152128,-0.00035230958366413637,0.0021526998210205824
1976-01-31,0.12248395348943955,0.048391411010963815,0.06262513370962461,0.0017967815569206735,0.02087312138625608,-0.005012586092646543
1976-02-29,0.0016582874918430431,0.07103079099582102,0.03817376555668145,0.011858758815009834,0.0006254721326978269,0.0003711050731600857
1976-03-31,0.02382297070558707,-0.007730294327687931,-0.007053101459696138,0.005454387368380071,-0.015280583308650803,0.01234686236458018
1976-04-30,-0.01524118479134953,-0.002077978754917019,0.0043706129806388464,-0.003626386801507208,0.00429439225840326,-0.004672102150440623
1976-05-31,-0.013182636021009284,-0.007424360439796464,-0.0068854369331906255,-0.013015151428129043,0.01091794841916914,0.005940902781600054
1976-06-30,0.04111021749822366,-0.007193159835123024,0.008917293252500708,0.0026829241628042594,-0.006132964614930042,0.00035138880088560887
1976-07-31,-0.010733145467797509,0.0015929482775123075,0.011132424962006063,-0.00043962804446392176,-0.004309314936867403,-0.002154726951690829
1976-08-31,-0.005718902541957272,-0.018735455821721026,-0.00011806779712819279,-0.008191374954255433,-0.006433886266996106,-0.001582099549818668
1976-09-30,0.020755104719029936,-0.002229510653877432,0.00412295810695977,-0.006435914725158951,0.00524166638165309,-0.005669876895537759
1976-10-31,-0.024625386095034108,-9.993208091229472e-05,0.003629594443910672,-0.009358449262651504,0.0016424374313856668,-0.002372094624320149
1976-11-30,0.0026099101838406268,0.020229205873629086,0.005669707077070107,-0.002318726859975573,-0.014162083153053822,0.004389338861850292
1976-12-31,0.05574008072093373,0.032026168313828804,0.01171502897359432,0.014003219397203335,0.007783109205631924,-0.0019524844954389856
1977-01-31,-0.042169420448267436,0.042932923436854835,0.03605225005040688,0.0031456286661113602,0.009085024965152537,-0.002864105768503258
1977-02-28,-0.019561845416994045,0.011297913386211887,0.004476313310742858,-0.0063460204291846106,0.002898350345709961,-0.001850188448588334
1977-03-31,-0.014027369704766151,0.00973956824312093,0.0032209337171890074,-0.0016682553207841482,0.00037840422182179416,-0.00011638195764498214
1977-04-30,0.0006673508275815372,0.004619750938398681,0.017002577285228408,0.0040728578829169505,-0.0022145648621984294,0.012492649460978446
1977-05-31,-0.015107607699209184,0.01346601391182883,0.009827718959741778,-0.005434439864844587,0.00971748312390688,0.0017886709661871789
1977-06-30,0.047422034549009145,0.02264046435384176,-0.0008194648208487143,0.0041155814034786395,0.005143141962138491,-0.006735664667463864
1977-07-31,-0.017577807627351137,0.005972934325398732,0.009706486411795123,0.004394229366797011,0.008523432406786168,-0.005679298710333725
1977-08-31,-0.018035568267086632,0.016904551255772008,-0.021058870533693645,-0.0024192691596468426,-0.0033896292987827138,-0.0012336386016829227
1977-09-30,-0.0030365084269444,0.007639114222774623,0.00629086341451531,0.0030815536501877733,0.010155282001181376,-0.0034768496438777573
1977-10-31,-0.044260066128923456,0.015667425826933687,0.011735320183850031,-0.004173241128717916,0.0003113575595104952,-0.0016684445121893932
1977-11-30,0.04008689186543806,0.03801827763383468,-0.00499075689803076,0.0017404025335735346,0.0022109567985364106,-0.00040523432054595515
1977-12-31,0.0022148623097872308,0.016992695233904332,0.0022295841992688572,0.000350995177976406,0.0017963588600528391,0.0036887450644813406
1978-01-31,-0.0611127826770229,0.026301678648794426,0.019344808217542225,0.00789588152818245,-0.006912210801177099,0.0030263197484696816
1978-02-28,-0.01480435906894541,0.03191681778624047,0.012557654113146657,0.012675059656185657,0.012704521943239623,-0.0005003156241492067
1978-03-31,0.028279202956297118,0.032298207116176016,0.005205947056331636,0.006936058597420622,0.005580557543936868,0.005089519693524447
1978-04-30,0.07986655790781061,-0.0003790984615724552,-0.024774844146951858,-0.010430524703676544,0.014301808639696325,-0.001762216258992727
1978-05-31,0.017055611970141746,0.043175355270566436,-0.004723892139704026,0.0041105399043099965,0.005489117519483402,0.006345155556805947
1978-06-30,-0.017852601990244892,0.009036686165751321,0.011359283077305276,-0.0036241889057399093,-0.003858916922113964,-0.0009102082508139852
1978-07-31,0.051537436089635666,0.002938380360928861,-0.014623162055709625,-0.004299849619403072,0.005695006093258792,-0.00713321833194655
1978-08-31,0.03681615450517517,0.044282022981160664,0.005826278556034008,-0.003677766305808836,0.008725329455268641,0.005170511866311192
1978-09-30,-0.014258421036759087,-0.0038673600305480227,0.014593721176139406,0.007547716219702146,0.004614113276498367,0.0027719510874521635
1978-10-31,-0.11806691456479207,-0.09548876419280858,0.016977831146012368,0.015034302316833226,0.005543049959046031,0.0184229173844066
1978-11-30,0.027515142852241173,0.02545758395090756,-0.010693748443238343,-0.008297809457552069,0.0008105540909776818,-0.010201401168034238
1978-12-31,0.008665057741604261,0.01099909942571332,-0.011428362318226314,-0.01096528748171521,0.008738049652754747,-0.001948808199573268
1979-01-31,0.04193322068516173,0.033624768161381546,0.007696465490426865,0.008893296404307867,-0.011629606344434535,-0.007865412837696317
1979-02-28,-0.0366837286424227,0.006636196190705164,0.00589110058862375,-0.000664407994024438,-0.0029907746198918053,0.0007038493314664268
1979-03-31,0.0568372501141653,0.026859086736444687,-0.0075992447345995815,-0.007102984849718608,0.002636668021961497,-0.019272095569813102
1979-04-30,-0.0009341123760799256,0.016137047562354866,0.015335638912005681,-0.0009859595469421632,0.0222114918230776,-0.002893255272505505
1979-05-31,-0.022540429338049752,0.0039040655513407725,0.0007923003969551173,0.003103912384684094,-0.010245701149077843,0.0020034636948320773
1979-06-30,0.03830389342601522,0.010728418172492954,0.0038907752810265353,-0.016410902349954272,-0.00490668430509441,0.0001930113476989112
1979-07-31,0.007966901007621626,0.010781587837389028,0.016313268456984026,-0.0011094710772175595,0.012260153550907229,-0.002544145622028909
1979-08-31,0.05559378774152582,0.0145384271084167,-0.006850199191603914,-0.004967592164208126,0.008758871416006703,-0.0019722068059024184
1979-09-30,-0.00773603218092143,-0.005423565765743607,-0.00411517055953361,0.0021700958035466627,0.003465844736798259,0.015478741531041776
1979-10-31,-0.08030143127738645,-0.03066884989804919,-0.014449156109630906,0.00212469314713587,-0.0011601407937590071,0.01255760238650723
1979-11-30,0.051977594018182034,0.020585640485786275,-0.017113737125215564,-0.00477056953355455,-0.014094573992604985,0.009829293769833006
1979-12-31,0.016984294098682184,0.037009514641618654,-0.019008865573298242,0.0013410392457913409,-0.009934496777548964,-0.0045019751413152495
1980-01-31,0.05511501589455746,0.029186917404050564,0.00043145725248154576,-0.006657671574910207,-0.0034193516183891877,0.009561193690596869
1980-02-29,-0.011630026827884044,-0.015095089453319378,-0.012378581355001316,0.01414777609153281,-0.011849157317795202,0.02489520131653906
1980-03-31,-0.12743050423127245,-0.06760348330076829,0.011373543853519935,-4.3500623317926915e-06,0.014101842341307985,0.003488620125312314
1980-04-30,0.03790963128000993,0.007389098724067156,0.00963087976116088,0.0005264100982268899,-0.013690906706850107,-0.0015245085067214295
1980-05-31,0.052153228891875854,0.01891702410628187,0.0014024865625285874,-0.006157677995059646,0.006749147592334831,-0.00585407267081689
1980-06-30,0.029970896451944458,0.003609668970158061,-0.007606730834094765,-0.013894789898305157,-0.007636916175485024,-0.005515381089785214
1980-07-31,0.06463264345443126,0.0405419296274178,-0.031766186542005734,-0.004016579034632943,0.02217913776749016,-0.003867141972752369
1980-08-31,0.016339802158470078,0.03497418619474254,-0.02287122098811711,-0.0055152146153604215,0.004494074220512102,-0.00976667245864278
1980-09-30,0.02206230577565125,0.013094872050437585,-0.030017100542306475,-0.008440078486426491,0.0022329299852084576,-0.0024888358954257804
1980-10-31,0.010555425453994537,0.026493235624755147,-0.01823511486397212,-0.011621623622836657,0.0060978438939581145,0.012713728933981872
1980-11-30,0.09721875851221146,-0.027462121730052427,-0.07051424006325632,-0.02105798897951494,0.0059254137137359645,0.02808005095696714
1980-12-31,-0.044536540695556674,0.0004225904910317227,0.02748745101231178,0.01074338429675839,0.0030255662753538824,-0.009798218570714765
1981-01-31,-0.05165755832152979,0.02229521386864593,0.041146396664967035,0.018392122809352016,-0.0047789418987847975,-0.008474358127499759
1981-02-28,0.00707543899294828,-0.0064368901910617105,0.011287502925596429,0.02490865676114384,0.018519766713887918,-0.008573998718607362
1981-03-31,0.03383877965401028,0.02522967538278519,0.006563481039995697,-0.006351052665152257,-0.010507257599293794,-0.015381053154126759
1981-04-30,-0.021942669145831286,0.037050209239575665,0.024634327645780902,0.0055638489261246715,0.018293372527194342,0.001264620664634876
1981-05-31,-0.0004733065671986888,0.01948693051020721,-0.0014369934259482605,-0.005230139398481992,0.00029589878530539293,-0.005045362092958292
1981-06-30,-0.021123130185159083,-0.013468869311387712,0.03517952540739215,-0.0007595573701157619,0.0006910095720945197,-0.012083812904827258
1981-07-31,-0.014136946761279724,-0.009631281804692693,-0.0032754232542165154,-0.008468815840193851,0.000973936780235718,-0.011381602911108922
1981-08-31,-0.06985529733534172,-0.01468638390662344,0.03368699013828881,0.0011432849398282786,0.011716253714908087,-0.0050902594664107926
1981-09-30,-0.07090246519755991,-0.02724225394661938,0.04139793767630684,0.013013672650279778,0.017101180674836014,0.0061291533811863655
1981-10-31,0.04765909916055648,0.019258127035221312,-0.01884273234284537,-0.00983368029382478,0.0010041484113676863,-0.00328739795044708
1981-11-30,0.034055003908641475,-0.011931250923481698,0.009222699723373707,-0.000272557624939794,-0.0009917754280085805,-0.008519055404499022
1981-12-31,-0.03677381351922512,0.011469131635492954,0.0010073287666210393,0.02125260636912726,0.004655348158037871,0.0028634711510256983
1982-01-31,-0.03239684313332476,-0.014483333875504118,0.019341082776526245,0.007588849486611964,-0.003892835086494479,0.0037596991640866727
1982-02-28,-0.05787874973628871,-0.0030612490302811823,0.04736643583028649,0.01158419893902542,0.0013988120315905073,0.004733773585850552
1982-03-31,-0.017473323084901956,0.0046492010552518104,0.029255853627644164,0.004655819553292875,0.00926352556054197,-0.0033666652712769874
1982-04-30,0.0332204025859016,0.012294806876631694,-0.01812762713067188,0.007488723551770958,-0.00014178828377453545,-0.0015392815185119244
1982-05-31,-0.03889249669606954,0.012416181402684693,0.012269359828296543,0.007276144191086646,0.013585001603080163,-0.010041102382065716
1982-06-30,-0.02937026559737772,0.0029288097335464364,0.011617798331831998,0.005347289360086792,0.011012573452183694,0.0022425980433630407
1982-07-31,-0.032335225660049954,0.02356098056880844,-0.0020488501734313574,0.013244373593646221,0.0014188704898769958,0.01745121761879544
1982-08-31,0.11287849506424595,-0.041731365060881626,0.002141484773064209,-0.002405872403766343,-0.014062113606540085,0.014030885484886957
1982-09-30,0.011594408065248224,0.023074990933289127,0.005838127196488525,0.007199725760151075,0.018804287370251117,-0.00706376398090718
1982-10-31,0.11287975552220438,0.02378641665049548,-0.006992102339440892,0.003019303426935321,-0.002348978339911309,0.022945091138337245
1982-11-30,0.04529301712267039,0.05580507427980542,-0.016812499473504675,0.0046873148527821,-0.016854746477401178,0.01548662789388759
1982-12-31,0.0064307678472740075,0.00073327751835979,-0.004476932112224226,0.002837557938056193,-0.007118782193744982,-0.012314960262812652
1983-01-31,0.03437353138949181,0.027803274301499658,-0.007067626073791966,-0.009625697904520515,-0.018157976313688803,0.00016007273314998238
1983-02-28,0.02528504192862151,0.033821865155565775,0.004630326129022859,0.019123017187721268,0.00022101129319909013,0.01935648039963111
1983-03-31,0.029292052200319708,0.014055807530357248,0.011953521970823486,0.011421667076365986,0.008449753475663555,-0.004639943425969344
1983-04-30,0.06641126843212639,0.0005779154101197004,0.021165264818515758,-0.0015464651677541408,0.01002374200402434,-0.0019118692668062406
1983-05-31,0.001699653566689465,0.06596271024929841,-0.010081047931746743,-0.009490966775382815,-0.01108401739838892,0.0009100596870530374
1983-06-30,0.03141364620392252,0.014048997247564992,-0.029258017024242883,-0.002347475382077073,0.00572874920845306,-0.0022970801156762533
1983-07-31,-0.03900909120784962,0.015267174430402725,0.0521477496176372,0.002253805122703619,0.014804160633174829,0.002391814718766725
1983-08-31,-0.002906139568190665,-0.032768061828991904,0.04188055764439068,0.00656231414850054,0.01842889229822556,0.0015960770050947315
1983-09-30,0.009741113348999785,0.006319538970666335,0.002702129100761324,0.003619984742569936,0.0005001262437491702,-7.590677821703654e-05
1983-10-31,-0.032326125761094136,-0.035799956979376865,0.02830214458969808,0.01137972981588743,0.004138686617075584,-0.0029970332283240572
1983-11-30,0.02136236886384605,0.01443265996910796,-0.012781185835251306,0.017416245983897884,6.219275578779604e-05,-0.003179508478977376
1983-12-31,-0.01638348348960135,-0.00043243576006125184,0.01221815670876476,0.010611002586987644,0.0095834442738029,0.0056859113479996535
1984-01-31,-0.018915084230692502,0.0008754116624766372,0.05306488118865789,0.0021289236892558607,0.017486008322596017,-0.009594158073042921
1984-02-29,-0.04820234989094762,-0.008360146597950792,0.026183336204262442,-0.005827855250309905,0.009049066199975385,-0.011154548754015229
1984-03-31,0.004512362377899172,-0.002684906759395929,-0.005042492267499546,0.009839621796862206,-0.010238489724715544,0.015208945690314328
1984-04-30,-0.0035767945870376038,-0.006659204736412058,0.005393510034245249,0.003978595292057456,0.024915221669798458,-0.0014336745208509533
1984-05-31,-0.05904842058769881,0.0013080509025510667,0.013899895466624635,-0.0067943191163471065,0.016784692674665966,-0.010509523378929284
1984-06-30,0.0211177696138846,0.000605817510109158,-0.02443801120401585,0.0003368595665571468,0.014447175256091524,-0.011584517879936376
1984-07-31,-0.02931032830120484,-0.016504629937667933,0.018479285089477163,-0.01642507251362145,0.0281408987622461,-0.002373970871095869
1984-08-31,0.105420841633269,-0.007638036782203511,-0.018257319480246684,-0.007593549120576691,-0.017396361761469706,0.0075908238756165905
1984-09-30,-0.009367995135631794,0.0034759949717317142,0.03786871119323383,0.0009744141420731273,0.01684460256586091,-0.016313909380633963
1984-10-31,-0.008874575675505203,-0.013766530218702094,0.006857013626897874,-0.012777194752336277,0.01049313667715672,-0.006493247605751003
1984-11-30,-0.017614017114531498,-0.003956725786304258,0.027888183373050268,0.007467291946079565,0.011750234348664236,0.0030814533856741854
1984-12-31,0.017478659488457917,-0.0051830056404018965,0.0016344648347730026,-0.01190262496704347,0.008487688069774731,0.0014301710664089765
1985-01-31,0.0793910546533635,0.0283966036006128,-0.03415099568526131,-0.018871320693783968,-0.015408081364086544,0.0002848939733265388
1985-02-28,0.012901530860478159,0.008835464815394682,0.012641867236336476,0.002658738218706368,0.014843634006545769,-0.006157429957133852
1985-03-31,-0.006417621351887167,-0.010282460718399234,0.02873318989493465,0.010847916109755228,0.018726902922218742,-0.01197353349497765
1985-04-30,-0.009609715064153382,-0.0023168150959247185,0.03104677138472505,-0.004882254704231102,0.01655420035702096,-0.0055403800482850965
1985-05-31,0.05131430387620034,-0.02479681707189743,-0.008502014840929988,-0.012460071921767736,0.009840693752927628,0.002659786852462792
1985-06-30,0.010851762984343571,0.001727999202044004,0.00869840051658164,-0.008087970711488576,0.016771460129049915,-0.004550781716854045
1985-07-31,-0.006692064357206191,0.02560790608003137,-0.015668166791829547,-0.0019197905049841669,-0.00959642419532336,-0.003439906821494679
1985-08-31,-0.010533403163415608,0.0013316118488783644,0.0141216263199593,0.011393153702156171,0.0039377244759034435,-0.0051464046186204615
1985-09-30,-0.04461803160548801,-0.013727308374275805,0.009974317247104562,0.011333829765713779,0.012700814587841705,-0.0029172793356575244
1985-10-31,0.040266038576402326,-0.018864579283640937,0.009612657208388414,-0.00835254186717718,0.004726939416172193,-0.00016777985723629568
1985-11-30,0.06463404143409593,-0.0034353157604323364,-0.02131465767644084,-0.010425194868901477,-0.003651063009835726,0.005776197161300345
1985-12-31,0.038053931231984785,-0.0013873134933559753,-0.013809830782147856,-0.007082207758282208,0.0034720011794617256,0.005041222781396397
1986-01-31,0.004244969726065412,0.0010127183479176243,-0.004683637179274499,-0.013411343918025443,-0.011507054306460564,-0.009657135363328212
1986-02-28,0.07202954692608157,-0.007256156327982793,-0.0013418294512792393,-0.006818771814943808,0.012720637914673994,0.004996385259748992
1986-03-31,0.04745402667347784,-0.002663241472689544,-0.003942823704655124,0.0013957994277622866,0.009098161719696296,-0.003390170172284157
1986-04-30,-0.013320780433444536,0.02825055725331662,-0.01230288445322425,0.0033919503303360913,0.01632312415050275,0.009622075444304688
1986-05-31,0.046077271530441666,-0.013028045639408669,0.006562042900890464,0.006944270458241024,0.017029820536735886,-0.004896992778450307
1986-06-30,0.00868312933250651,-0.007159332556154703,0.008148410794004001,0.003275167893493969,0.01482803994660189,-0.0006613080665598367
1986-07-31,-0.0627643191150387,-0.03006209006962955,0.03210166935917917,-0.0014715857346935116,0.016253460525757414,-0.0048985893824389105
1986-08-31,0.062322874076342,-0.04560538418895206,0.028472053112131163,0.009894220721790428,-0.004025375412214025,0.00033702565917223537
1986-09-30,-0.08648439106740863,0.01755943610665936,0.02434663957249884,0.02436995866548465,0.003543492545842575,-0.01492102694139736
1986-10-31,0.04824471892573104,-0.02514057272457752,-0.01059592830634712,0.007260111449037181,-0.002049128413497317,0.0030693009225992787
1986-11-30,0.012869118606077264,-0.01795968680235005,-0.001478185888250252,0.003885684410769654,0.004766546983074453,0.004527860710289501
1986-12-31,-0.031506277537206084,0.0035890573037057477,0.0015198123737183572,-0.008283869369789032,0.008469664138186152,0.006679071049863553
1987-01-31,0.12392464137795944,-0.02025944771223831,-0.018381831138550783,-0.004560670065896165,-0.00787456071256182,0.003595352228335291
1987-02-28,0.04192811489756367,0.02395881105883872,-0.045584809727101376,-0.005408103789529398,-0.0227040137053227,0.007621195193325075
1987-03-31,0.015981487172606525,0.002045587653703579,0.01571778490645116,0.024547941886084654,0.01817555831620193,-0.007188298181205526
1987-04-30,-0.02170915626537379,-0.017237427334208088,-0.0010275431464209367,0.01373676785744574,-0.003539516213030336,0.0024602462187507945
1987-05-31,0.0027151829085793355,-0.004027881139580173,0.0007798966190904824,0.0054795232245988855,0.0024511987156321012,0.00021025710583107152
1987-06-30,0.04266749383461136,-0.018231766341824614,0.010694251714494618,4.2068919839134695e-05,0.021484417893634568,0.003830627740308651
1987-07-31,0.03835369615412064,-0.010846214217214495,-0.004967577341051328,0.018111638496968983,-0.007145027270806417,0.0025450708314201107
1987-08-31,0.03615230484961755,-0.008949048411508925,-0.005946188326108763,-0.015756065993036982,0.015821422662207842,-3.866615965467113e-05
1987-09-30,-0.02495620960362184,0.006256155562409341,-7.026415308523415e-05,0.01948948803227365,-0.007722195919093022,0.004361136242540489
1987-10-31,-0.2276537912075152,-0.06465180078729202,0.049063779639154766,0.01240507763635096,0.04134558036002811,-0.014855747588330609
1987-11-30,-0.07855903761539253,0.02988453628810218,0.021263971632396232,0.007812122373376598,-0.008796162176465519,-0.006997263573982143
1987-12-31,0.06736588200958955,-0.00388221744547454,-0.03462805247433411,-0.0040013235264253775,-0.0012010753929598827,0.013138714025850713
1988-01-31,0.041928526579331736,-0.004394804221266202,0.0308195660371427,0.0015068076634953687,0.006740803363275677,0.002736612724407936
1988-02-29,0.04524059134771355,0.03387751096132115,-0.018218692023679504,0.007838419315271003,0.0009378280645677141,-0.0021637504842154515
1988-03-31,-0.025379825774645964,0.06503810233856347,0.004779409804072838,0.010255932407548064,-0.0018225391195034512,0.0038268159531526843
1988-04-30,0.004549940000579917,0.013950673762000026,0.007594280774730756,0.012865147971306959,0.005333431430604075,-0.00705707778540183
1988-05-31,-0.0010763634910509606,-0.02207958453402579,0.0195130407068106,-0.002261728658183265,0.003310024773305928,0.0017371988633943956
1988-06-30,0.04667469233187636,0.01634545192343747,-0.010328354337675979,-0.012274387213577431,0.0009059108538104348,0.008420843730967728
1988-07-31,-0.011704756704345787,-0.0002913403431399116,0.012406429266012771,0.006156770385084911,0.000752670037442893,-0.011792832391822921
1988-08-31,-0.03255734466862175,-0.0016237594000646815,0.02140400920264859,0.00444595100786218,0.001868637753147901,-0.003989542739158521
1988-09-30,0.033722498847774875,-0.007623325320373219,0.0068372852019493715,-0.002697455359707581,0.014755624827874538,0.009096002420930262
1988-10-31,0.011370444273659604,-0.02402226952446232,0.014814966268864062,0.0017037162509176895,0.014722385225507856,-0.0022008575045037587
1988-11-30,-0.02310381661364925,-0.014985082632719852,0.006213266613566439,0.007035009530670048,0.0027207988941975736,-0.007069613562925407
1988-12-31,0.01616706009291477,0.02176463022722509,-0.012161076050238556,0.0041334210070350964,-0.0011587191199694535,-0.00025897820005820263
1989-01-31,0.06000223727989231,-0.01823311095101688,0.00724323719458355,-0.0035826791562925467,0.0009227492800069416,0.0020973463232765027
1989-02-28,-0.02357395317946706,0.0315941637858234,0.00946682732759842,0.009445646533328907,-0.0009053204319163156,0.0041232373942035145
1989-03-31,0.015722633119616945,0.00743058953419288,-0.005519309042149511,0.008369716511690627,-0.0025018065027477237,0.0037121472951319842
1989-04-30,0.04457240888763552,-0.007205959528961192,0.003058223749474481,-0.006574043693852873,0.00964570415107266,0.0009217866068539287
1989-05-31,0.035003588267381064,-0.004033376736388025,-0.0010715892986228742,0.003313818914101055,0.004945700262709185,0.003571468875054815
1989-06-30,-0.014446401278193119,-0.010242725296693737,0.010371370124915557,0.01026623580931355,0.0038225990737269368,-0.004101794313564565
1989-07-31,0.07312658424850829,-0.04387638101616835,-0.0170008235419067,-0.00287886051536438,0.001912672616652248,-0.0008364764942471598
1989-08-31,0.0129982730061565,0.011175265715983068,0.005330609909658978,-0.002812300651055893,0.007462843144290788,0.0042302296823000535
1989-09-30,-0.00784817082495345,0.005582486978949332,-0.007806864961769514,-0.0009049902055116056,0.0072681866029982375,-0.006922181545657878
1989-10-31,-0.034834671077041496,-0.0338554828009525,-0.006036500211037514,-0.0064527750603673144,-0.00864145305199953,-0.01898228353597897
1989-11-30,0.010762870596352128,-0.013338291720172278,-0.015299682935801513,0.005683227656280689,-0.010170362309066415,-0.012398194092158222
1989-12-31,0.01331033056740733,-0.025758660811294687,0.007889875377338349,0.00018916617594785448,0.006762294748138957,-0.008736604172723204
1990-01-31,-0.07824394614524176,-0.006671824502274243,0.0010653610707559297,0.013157989271563987,-0.010937313600387369,-0.002561382969371667
1990-02-28,0.010868695057840706,0.007826954521421684,-0.003359955277937046,-0.008018764228247138,-0.008219266363609468,0.006556468899011764
1990-03-31,0.01854185077312396,0.01835811677525984,-0.016194778725484738,-0.0020061071046825925,0.0060236655866873524,0.007563026089181236
1990-04-30,-0.03391713207772669,0.007572162219052339,-0.017486946644647162,-0.0014032674413882867,0.011589756563625386,-0.0033718536848670183
1990-05-31,0.08387743725486115,-0.02594811012829705,-0.03663015658911835,-0.005904579918807773,-0.004019468721496333,0.008139790327474361
1990-06-30,-0.011305116029978845,0.0187165910341072,-0.0232619071013148,0.006588578108423876,-0.01044478030457805,0.0055143593699023856
1990-07-31,-0.017387061087759878,-0.02928879792564765,-0.008096774232474964,0.012929221074433908,-0.009968831639636348,-0.009474660702045052
1990-08-31,-0.0999243840235173,-0.0339051287862894,0.012384228054024782,0.021551124414342558,0.0013763654270446402,-0.009493909066377149
1990-09-30,-0.0599498899520389,-0.03111305613281704,-0.0017092581078303332,0.024052685779132568,-0.002594001870480145,-0.004619694068076358
1990-10-31,-0.0170931997990631,-0.04690673628435242,0.006412459059071875,0.009840911642426474,0.010916467027187605,0.0030139481441622397
1990-11-30,0.06331374111898795,-0.007435204324806709,-0.007259332385246481,-0.029531960642353524,0.0026333395879932497,0.013789350909142795
1990-12-31,0.02497740816329165,0.004219966366868985,-0.0001631060128302192,-0.009716236843402122,0.016167480891908316,0.0030142391162211978
1991-01-31,0.045457807867838027,0.032261569124181905,0.006182638615761411,-0.02077713932429094,0.015202776389397168,0.02028012343116143
1991-02-28,0.07162453440446519,0.03608339065163452,-0.015662266994917184,-0.0053954397292513825,-0.008149858167793428,-0.016690542357333568
1991-03-31,0.02646728296502075,0.038839259589285816,-0.00522732613408193,-0.01475015319798691,0.0009846954040731851,-0.007158308385283328
1991-04-30,-0.0023800149818962828,0.002904518778014525,0.0164756444121526,-0.005190078857451735,0.009915708749568005,-0.011624227783007314
1991-05-31,0.03528169502468245,0.003290245874637492,-0.0026334222537717287,-0.01472119482264986,0.0055127637552330674,0.016628095713202715
1991-06-30,-0.04847135515365447,0.01043763150339226,0.01212999891511525,-0.0016612439827420472,0.0161010465305439,0.0009429726013780588
1991-07-31,0.042680592648828806,-0.010222617433081178,-0.0037040672775954936,-0.0010398893155090794,0.005743751722217527,-0.014425688364399997
1991-08-31,0.02313426191457076,0.01458617832429196,0.003200315468167385,-0.0005728903957093884,0.01085786117317572,-0.004348251298228106
1991-09-30,-0.016551016611518168,0.01679007411059493,-0.0019201080093682887,0.00393112353358553,-0.00532268456390941,0.0022329626389098033
1991-10-31,0.01136803438957371,0.01275566650223998,0.010985060833005844,-0.004336513317198136,-0.008932900237949973,0.011357349201267596
1991-11-30,-0.04053529553265439,7.250283594419787e-05,-0.0040991357919594965,0.003054567145795405,-0.004240443017058039,-0.002851835580715556
1991-12-31,0.10680815168994706,-0.02428423745208093,-0.011483007221609984,-0.013590906878644364,0.006288061524015051,0.006349253988102002
1992-01-31,-0.006947303954457614,0.08254647496098304,0.013703241751744257,0.02853512092468188,0.002693058997641086,-0.002282902668709126
1992-02-29,0.011069859613104116,0.0043432776727179104,0.03490410491230371,0.00853782107337921,0.007820001937396645,-0.003753266100048162
1992-03-31,-0.02425976278833793,-0.008908909143329338,0.017811535607955897,0.0132662268543192,0.0012828467586282859,-0.011173262420936244
1992-04-30,0.01433223131986005,-0.05644401326452876,0.031287370538684925,0.02310589787364907,0.0228312996326778,-0.0039456888565105605
1992-05-31,0.0035114686510140172,0.0034415847907666034,0.01495846888302761,0.00033156839423565277,0.00022099087818824766,-0.006859399999730007
1992-06-30,-0.020808172055197145,-0.03822889224803195,0.012773407620159641,0.014662423709116985,-0.0061139114527942965,-0.002386240380599619
1992-07-31,0.038516857965925376,-0.007821988207886009,-0.005594599893223022,0.0017562392136659527,0.002756281425610116,-0.0007653214251312629
1992-08-31,-0.023008699113435227,-0.003053420677921824,0.006877378123437611,-0.0046510828715099935,0.018881827347638963,-0.003130014034399768
1992-09-30,0.010939496167672268,0.00844113609072095,0.0021985341672288022,-0.00973531719072126,0.0051332316478118435,0.0033972869635466602
1992-10-31,0.009034572528772022,0.02123912343559248,-0.018131040981079583,-0.003623807144111016,-0.002919591202759489,-0.0053397726192920296
1992-11-30,0.039376450914905714,0.033303835788741354,-0.01175556407764744,-0.011159728785231006,-0.001671192484845263,-0.004392346903618415
1992-12-31,0.015007821290524522,0.012973435796179308,0.004210508055831661,0.012629444579481085,0.0015677806428263006,-0.0194657020518466
1993-01-31,0.006892496548209786,0.01992670080049248,0.03431590722309033,0.012076343055708236,6.3645524155178665e-06,-0.011296829348385393
1993-02-28,0.004333559572464845,-0.028139465807479364,0.04331373708166912,0.01585095753915145,0.01493577861219661,-0.0037113280803699493
1993-03-31,0.022290529184490343,0.0013676728376166086,0.007976808548380877,0.008016643219359321,0.004194966534872884,-0.005394040886490807
1993-04-30,-0.029046373884572367,-0.0123234164422937,0.011298786437556836,0.007817628244813773,-0.019580242951940115,-0.006318377713768371
1993-05-31,0.0285667787873277,0.020160536487161942,-0.02832119035342497,0.002231788920070192,-0.016751562923136926,0.0007616210247955793
1993-06-30,0.001819147511283116,-0.002366547954657925,0.012441977079268285,0.003297310924707369,0.004166096076105189,-0.0121088873797834
1993-07-31,-0.004358273528166246,0.005129328884167547,0.017094517697965463,0.00751607591274497,-0.0033147023697401145,0.005897910264742732
1993-08-31,0.03634934548405197,-8.460832977009308e-05,-0.003455466119710468,-0.004225229744398032,-0.006289473111735444,-0.00747464038210808
1993-09-30,-0.0008496741329585293,0.021698067653225604,0.003342892570134417,0.004578030480660791,0.005551878322718034,0.013488106637169915
1993-10-31,0.013166821794655172,0.02743214716693661,-0.02226832664230374,0.008915166526274507,-0.002454271704949879,-0.006924585033328632
1993-11-30,-0.01860584439568329,-0.009685881944294164,-0.005435645463893409,-0.001953671582977202,0.010128705029587678,-0.0006086621295722447
1993-12-31,0.015584838003549319,0.013986056222524737,0.0002598267215620648,-0.008722746250904197,0.006053276572384622,-0.002516181623670712
1994-01-31,0.027611356941898767,-0.001994790295256503,-0.0013646487558794662,0.009882168917443236,-0.010520841691716323,0.002279862004445979
1994-02-28,-0.025199862909485938,0.03097036364700955,-0.011970119772835738,-0.0007630034997340093,0.007922169730542512,0.002628879503254796
1994-03-31,-0.04626164310179914,-0.008903350425509202,0.010264104874479369,0.0038626950932994226,0.007398448622334873,-0.0004666105109786058
1994-04-30,0.008000469151606529,-0.010500823721746471,0.007572040898755869,0.006426786042499496,0.007446395703587878,-0.0016839499728859425
1994-05-31,0.0077189805209299705,-0.019972142584890388,0.004543365558187501,-0.0008227898061822668,0.01905069924308267,0.0029477853483765213
1994-06-30,-0.027968422618318743,-0.004042375700819504,0.011694219207171931,0.00896884920349742,0.013352294338617732,0.0008998742621795023
1994-07-31,0.028025904413762768,-0.01338137330668506,0.007434876637588719,0.006135187250377351,-0.0031062414464260515,-0.0012787111975351047
1994-08-31,0.04064943693340696,0.013290654444177888,-0.024080822537897048,-0.0029182474162488675,-0.005002629220970903,0.012442003032399826
1994-09-30,-0.023997626947567928,0.028008022028825515,-0.005073292707685067,0.008049186918962191,-0.008838842858832744,-0.004776796732944991
1994-10-31,0.014812720258015074,-0.02090104155936872,-0.00561610387643262,-0.0036537320235982594,-0.0018430089554650863,-0.012179971641579615
1994-11-30,-0.0396848006348617,0.0032200308762561497,0.0004967101479395675,-0.0052685684811764255,-0.004124531304310945,-0.004050795259372818
1994-12-31,0.008263883371235951,0.0008633244526997827,0.002208231119680366,-0.0029679970598026468,0.0009662407559738358,-0.000806724923422434
1995-01-31,0.019747918131386058,-0.029452948750313686,0.015433774671161712,-0.010644880069997566,0.005945065610666029,-0.0016449953857177232
1995-02-28,0.036855447155351856,-0.008130717786475686,0.003838194236602178,0.0037750458086678795,0.009038772475897357,0.007547621415115959
1995-03-31,0.022872836870640147,-0.00754239648573397,-0.01241993307229947,0.007452121148198434,0.0005796778090100923,0.0015051761767707825
1995-04-30,0.02148549806510169,0.010321543034145484,0.01518459563047368,-0.0008345337063634349,0.014636001360024175,-0.0098195578674588
1995-05-31,0.030346869985015457,-0.019316121972990784,0.014596128469310278,0.003092772691895225,0.0067720352284790074,-0.004941907508010639
1995-06-30,0.02465753255201609,0.02546683393197604,-0.0175825640207871,-0.01020375184166062,-0.011947370735848312,0.008770997985310731
1995-07-31,0.03633179568490876,0.01595695355611848,-0.0059223060592633325,-0.01206118131502279,0.003716707126201925,0.009919349813485221
1995-08-31,0.0049493829267822035,0.018444554409729832,0.015717329540959776,0.0049709433217515605,-0.0016768743265178664,0.014243323916585138
1995-09-30,0.03502294444771858,-0.016349420328526317,0.003621876661619394,-0.0017151462520993074,0.0023377153907425357,-0.0022793141554276856
1995-10-31,-0.014549113118685113,-0.03532823695506348,0.00340124407628508,0.012290640817915498,0.01882614118510304,-0.011867672982023023
1995-11-30,0.03961674671813422,-0.021368616748203548,0.002466449500909268,0.0014294043684164315,-0.003225934628415833,0.0067790674959204026
1995-12-31,0.009648555509317536,0.002416892584149486,-0.007446832401866388,0.01660800899840206,-0.018944096382910825,-0.004524404926070018
1996-01-31,0.025940575821893387,-0.023043152271461673,-0.006498988195001807,0.011369911043676174,-0.007056948826893052,0.011684481685659526
1996-02-29,0.014042036335616024,0.016038900283448784,-0.00867429833212325,-0.006683649471206018,0.006418018568888656,0.006436514382684975
1996-03-31,0.008702463878557406,0.0087684368292468,0.005684860887858093,-0.004255164758880861,0.0050053857701609465,0.0072719375736025734
1996-04-30,0.016682143627942164,0.03830627589749769,-0.01892582276281737,-0.009553034803358812,-0.0035655681203955493,-0.0125520855873426
1996-05-31,0.02309297262887603,0.02946459268837079,-0.01352372537650235,0.0037363002723966796,-0.006871486530285971,0.00017818297880847073
1996-06-30,-0.008361494932692034,-0.031936317720820166,0.021640269762783368,0.011283354236316354,0.015143889787466062,0.00040377734935847717
1996-07-31,-0.05712685921410915,-0.032156114366134685,0.03649389294358885,0.008855722007132194,0.02700713925561089,-0.010882384628488895
1996-08-31,0.0267753586961216,0.02160192210207716,0.0019233452455445087,-0.010099822814401874,0.0013305047232670605,0.009518617841455482
1996-09-30,0.049910525417991104,-0.010040035390136724,-0.009556866918529935,-0.010559925535614821,0.011959878208141504,-0.0030904629348842967
1996-10-31,0.012423912533702073,-0.03876562973243109,0.04201964910842156,0.010707067310792743,0.01856443766772316,-0.001955738152122747
1996-11-30,0.06460443412702074,-0.0271373596960953,0.01302875644977402,-0.010477106811106196,0.027093242447706143,0.004070474672236972
1996-12-31,-0.016367665507569122,0.03224139445697033,0.0016619066333924445,0.010153951748511672,-0.01035294793476666,-0.003119580828178012
1997-01-31,0.05205002398951443,-0.017167261991737896,-0.017920631800514675,0.00424341488208442,0.0003039771193106346,-0.00040583226103443887
1997-02-28,-0.002356482186394009,-0.018963482554545708,0.04418870810258886,0.003618576494672581,0.02549248281526505,-0.002892677374978836
1997-03-31,-0.049752040083739735,-0.0031586506729094285,0.013744874138072918,0.013152927874435076,0.0019396433952768848,-0.0005574001273724383
1997-04-30,0.04527334599410661,-0.04834601525323357,0.011741727765549577,-0.011916833412862414,0.03336813514927133,-0.00790934429533017
1997-05-31,0.06378113187029216,0.04635361136429876,-0.031820565068658484,-0.011106244374213243,-0.012923535119384336,0.005742581587211013
1997-06-30,0.039302637276835806,0.011729441344168716,0.012572876791169078,6.0584031603035104e-05,0.006554940952510364,-0.0040255414162175185
1997-07-31,0.07451250296212575,-0.0205367273925892,0.0024906644550214546,-0.012199429034458469,0.003518750311465632,0.014836402563367638
1997-08-31,-0.04291479687176528,0.06765936052121005,-0.0025921419814704397,0.01194332279659961,-0.01043879275890359,-0.007146857701990648
1997-09-30,0.0524827716057685,0.013552917699261688,0.007688704807072594,-0.006793660284121983,0.0013076305948069022,-0.0048521257735928535
1997-10-31,-0.037620354166331485,-0.005819266172331462,0.017635738439711574,0.0023868410432396213,0.014072942569442323,-0.012880238256879107
1997-11-30,0.03219759823111678,-0.04072186863528805,0.02192762236320848,0.004829245186935104,0.02299789821548801,-0.004785956222450136
1997-12-31,0.012746677841595992,-0.015548502988898948,0.03265481706769492,-0.005562586189073449,0.019020871946974244,0.004892797311036097
1998-01-31,0.0013051099831960823,0.0009494144844083598,-0.00551897835618376,0.002587652753126449,0.0056175177771705465,0.003604610661297001
1998-02-28,0.06974830331862067,0.0018635561278224487,-0.01125715426284325,-0.014413355387476859,-0.002967560340125893,0.00575097752970119
1998-03-31,0.046476326544695516,-0.008942810722819217,0.006723799087036686,-0.00010478085076828098,0.008210951417706641,0.005738571016223125
1998-04-30,0.009896621019375856,0.0012739133241266506,-0.0020062327761350973,0.0008953293491510625,-0.0007657102294164331,0.00515868442130934
1998-05-31,-0.029476869285010525,-0.02940590687798864,0.016288056385854018,0.0083808634240546,0.010063273188623977,-0.007494777596833008
1998-06-30,0.031732338695424904,-0.03191218811449273,-0.0019282220762499734,-0.012443125229616952,0.0059191514489426965,0.006194795106921787
1998-07-31,-0.025427778695778426,-0.050083189542301884,-0.0041704394855547255,0.005512426106504473,0.007712185185142758,0.00030220806329835087
1998-08-31,-0.15906780824350472,-0.03616148638703304,0.02241282974640596,0.05220197963125037,-0.0031347161851502103,0.002776620655387141
1998-09-30,0.061276163628167776,-0.0041708654967315285,-0.025744378153467286,-0.013820610367541043,-0.028733062706400525,-0.0013462843642163547
1998-10-31,0.07262659746721617,-0.02648042949249469,-0.029199158766831407,-0.01241404765251624,0.0030401584701420237,-0.020186380192097786
1998-11-30,0.06039243401681731,0.002638011547280341,-0.01955682529375899,-0.012360036499887995,0.0016885067101631288,-0.010822095655615205
1998-12-31,0.05946233204551856,-0.010051628620237646,-0.034332798365021094,-0.0052621715529704285,-0.011174557934400592,0.0003468503021866326
1999-01-31,0.031560997807644466,-0.01573927879077868,-0.043670926420385316,-0.010497565873795684,-0.01493620269871789,-0.00864355861412983
1999-02-28,-0.04222311181095463,-0.04513545412167011,0.004365707279174402,0.018391411563479114,0.0020725471125312427,-0.0008222660162550964
1999-03-31,0.031980708754870205,-0.05232869362206172,-0.02421131694016017,-0.00012443295126139502,-0.010466263554938815,-0.006133003406955419
1999-04-30,0.03992583101387414,0.027702935528204617,0.032402863687149425,0.007923159238741012,0.0043059903325110855,-0.008966624617245011
1999-05-31,-0.02184941661854553,0.03328466566990211,0.018111038952658573,-0.0007801309147250513,-0.011389547682373031,0.016631324890563848
1999-06-30,0.050186248721466216,0.03145807227680129,-0.03400420814380975,-0.02172169996061841,-0.003286432089478694,-0.014185401577445134
1999-07-31,-0.033202338479385425,0.018272369818641384,-0.0011042581381142755,0.018191796954155355,-0.004861539114656196,0.003044255104299117
1999-08-31,-0.011034103406569443,-0.006026389369687964,-0.01528643465200784,0.0052413274667259604,-0.012002405664588434,-0.0065776293459815505
1999-09-30,-0.030005149529259294,0.03350236803017577,-0.039863778895001145,-0.0044382512261183504,-0.016638073345037547,0.004151022272985829
1999-10-31,0.05810903250846852,-0.05893026588061085,-0.020227102744271544,0.002648059719606178,-0.009412671726609092,0.017149445464246453
1999-11-30,0.02522783828140282,0.06061630231325552,-0.06503210598837056,-0.01350358737900968,-0.036709420703857104,-0.0003496281904611584
1999-12-31,0.06925934907734582,0.034375298363946614,-0.08308071728276854,-0.025916583889647044,-0.060027282517965276,0.01346122670625935
2000-01-31,-0.04936848375575691,0.03974481250639203,-0.006993480380928348,0.018972722425981168,-0.04540724224365799,-0.002010880543993961
2000-02-29,0.010622039314936044,0.15909235544225378,-0.09754736725141852,-0.02464133687790964,-0.12358672488594614,0.037002172342817344
2000-03-31,0.07302195170809628,-0.14705661089139438,0.07522827385687625,-0.0021836560191248466,0.07444632442046903,-0.001800972227741525
2000-04-30,-0.043783125202792116,-0.04346742784573237,0.07118181851805865,0.018467979197270862,0.06643671077409201,0.011248513809127142
2000-05-31,-0.02986118165766521,-0.04043843789406193,0.032559796414420694,0.013265096475322362,0.0070477252962848624,-0.02794237529905807
2000-06-30,0.03158163214676349,0.10115135007358636,-0.08388402779056091,-0.01576074285826239,-0.06212011940411906,0.02486455310555219
2000-07-31,-0.02227108100127477,-0.016272423534044796,0.06324648508752534,-0.0014311017098295707,0.04106005325279128,0.004273609553737158
2000-08-31,0.07100482599885692,-0.006916964535019096,-0.014150685007337016,-0.009805846973409624,-0.026465307611396503,-0.01426204004120976
2000-09-30,-0.05151112902128785,-0.008362813366100234,0.06100394803113145,0.007475806181337838,0.003146254102429417,-0.02693371189652806
2000-10-31,-0.019315556763468744,-0.027462285780977,0.027593802717457545,0.004184873301826425,0.03567163671141952,-0.008748104384962693
2000-11-30,-0.09732324843226543,-0.011144751367846777,0.09324964659763206,0.021607110277054267,0.06812931474447471,-0.01825585375283275
2000-12-31,0.01124765457282961,-0.0006970024806187552,0.060774211142278885,0.007372420578927355,0.023464774158739626,-0.0046373663213422475
2001-01-31,0.028164003468737094,0.06675265231260273,-0.05704517004462915,-0.007587711305634214,-0.007534916647193309,0.018300390453699647
2001-02-28,-0.0943637237897672,0.010219145148609124,0.09353038996359772,0.03142912445093362,0.04660513077732248,-0.02188554371190852
2001-03-31,-0.06886730726633794,0.009820901829821071,0.03789026381780207,0.017158195683451942,0.007998369345222179,0.0042449998860786
2001-04-30,0.07718115606812972,-0.005605225612202003,-0.02517320201291484,-0.020083559538771008,-0.011975041248038887,0.014064976393089748
2001-05-31,0.008204256387442745,0.037107950133686514,0.013230103446698073,0.0006160031208933964,-0.0036742021109086656,0.003589265325826374
2001-06-30,-0.018962544476554048,0.0705790619716346,-0.006216399897300988,-0.002732199283205037,0.010449393536233566,0.0023622430559947245
2001-07-31,-0.021109555141086832,-0.008680906612339324,0.037185643099824583,0.01038292992400856,0.0521942595113241,-0.00048706645794002745
2001-08-31,-0.06418897172707845,0.034674999486970906,0.023215456702130148,0.032998176975018764,0.014319913797414615,-0.003943728106022504
2001-09-30,-0.09364646004448694,-0.034785643534098576,-0.009216309285562982,0.027979360378298568,0.019285381982619386,-0.0033664558298227704
2001-10-31,0.02746851418664379,0.03811564481284211,-0.02767159113391407,-0.01801825354959717,-0.016520748957641967,-0.003258882815061349
2001-11-30,0.07585531948416391,0.0034649555752263718,2.521896444267202e-05,-0.009741742687945644,-0.00581330443653022,0.01271732479870226
2001-12-31,0.014669906079633156,0.03428588118522501,0.013253780383299827,-0.001327231013131265,0.003358829438757157,0.0012298676349267455
2002-01-31,-0.01113964511573518,0.014642519550101925,0.03124916952391865,0.02065694781492773,0.02495608082612584,-0.0005869884675820732
2002-02-28,-0.022450429420034303,0.013602284564014437,0.013504849712571964,0.0527813105549291,0.02578638249447376,-0.010542480651462266
2002-03-31,0.0432869627373361,0.02203038951450824,0.017929233755286184,-0.008141342932335552,0.00532821549287868,0.006231505501930397
2002-04-30,-0.0534614180115365,0.062455931584757124,0.03479335623868975,0.025070706020917932,0.03494010621200323,-0.0061534013084123705
2002-05-31,-0.013826568359726695,-0.03475707695514732,0.02216342900759557,0.012538865185651948,0.01975703124307593,0.006854114750027038
2002-06-30,-0.07061861469571673,0.027158138075995084,0.0183792172497078,0.01427286176107216,0.020694243233611232,-0.016896626978617497
2002-07-31,-0.08176297141090866,-0.05870007290508586,-0.011172231279217376,-0.00731197988258543,0.023414605298927943,0.001861130669953706
2002-08-31,0.0027511214994386324,-0.003152515002476561,0.013459596523491952,-0.014950876661620247,0.01981540640444187,-0.01735781104583464
2002-09-30,-0.1061320319232643,0.028885015448876106,0.01599146223166835,-0.005855040121254734,0.027500510392238067,-0.006953259681678675
2002-10-31,0.08039115381852041,-0.020420054712519044,-0.0598384289499492,0.00628716832728049,-0.03423818934824156,0.006908470492177278
2002-11-30,0.06048454499942563,0.016825611058710777,-0.03727389559543304,0.02286634367721244,-0.0631585779773258,0.017868795714833158
2002-12-31,-0.0588112960537738,-0.0006658555270595834,0.05228744954418724,-0.013821419387424571,0.04907386498822458,-0.010595806380656395
2003-01-31,-0.02624755032617217,-0.002917863513578159,0.0028812483613085173,-0.0004594849890986672,-0.00199974036552205,-0.0014702353733619664
2003-02-28,-0.01830472886839658,-0.007103907519716311,-0.0011811259506475484,-0.007640232192554706,0.009693277183039254,0.0052543110204820356
2003-03-31,0.01137977535424912,0.005298689854028579,-0.004673828302136918,-0.0017273401596036748,0.00609507464497785,-0.0011547418169576464
2003-04-30,0.08122444459857762,0.011269255688717006,-0.00552680629098333,-0.0021428393326505674,-0.02594314590826689,0.009464094323863123
2003-05-31,0.060959501800042185,0.03925929431534922,-0.0038173145422396304,0.0054865763632386535,-0.037441988773308926,0.003113139503941625
2003-06-30,0.013925006826874921,0.013451002749248056,0.004699250206576168,0.0027794897436246233,0.0035202774653135885,-0.007176779222853418
2003-07-31,0.0241816600798508,0.040365366651728525,-0.025461397384576444,0.003452725124916227,-0.021972679695047858,0.024054143581052186
2003-08-31,0.02303527789260448,0.012825186588079893,0.0005010384332501325,0.0185058002292806,-0.018736513384918368,0.008642269444461824
2003-09-30,-0.011332976456812532,-0.0027865494075493807,0.015153317590030016,0.0010259881802943543,0.011193813494119464,-0.00565865976660144
2003-10-31,0.06065915651822161,0.01702884150039298,-0.002078169434371696,0.0011004209819082539,-0.011233209207374736,0.019158125747774042
2003-11-30,0.013285371291088206,0.015895096148777585,0.005770442700462751,0.00913494509515425,0.0031407596465027644,0.006102206820329314
2003-12-31,0.04272485907470126,-0.024812943252608348,0.012004791002494457,0.0032892597681981744,0.002522312812112001,-0.016376053717631033
2004-01-31,0.02187202590345241,0.02093929079393677,0.002059272259469725,0.01953650683164131,-0.01836061781896708,0.007191864375471881
2004-02-29,0.014868584028715985,-0.006138461521587457,0.008815059343313062,-0.009708199636415973,0.013048162909341616,-0.01063462625037867
2004-03-31,-0.013101438726285409,0.01804388379561268,0.01387394146622465,-0.00569653350131945,0.013597824398317495,-0.003908709178556469
2004-04-30,-0.01896120874060614,-0.011145034221092014,-0.010027575648248369,-0.0023556239990443345,0.01791308582886509,-0.01703911740012151
2004-05-31,0.01293371766754057,-0.0065029127744949435,-0.008770870804158379,-0.0041561153485767145,-0.016271570305452333,0.017814319495395643
2004-06-30,0.01877958557988935,0.01774344741358236,0.014897772249897981,-0.002310862886432799,0.014390234384424425,-0.011847370972404528
2004-07-31,-0.04038898059656645,-0.02768862111738549,0.04435987672027605,-0.009021510445612495,0.0490392088801604,-0.0009193267397762244
2004-08-31,0.00036300155084998537,-0.010899512636437271,0.008101589010004398,-0.014650730157326469,0.011087210495979702,-0.00515662032065876
2004-09-30,0.015910445460093826,0.02536888471737566,0.006091853450085846,-0.011884821458921136,-0.0013470697259585845,0.015830034175670284
2004-10-31,0.0142883879988085,0.0053022579713051824,-0.010209436688308987,0.005532030647094479,-0.006586816113813558,-0.011600260782840734
2004-11-30,0.04582898564612718,0.03856588229593367,0.011556064881915587,-0.002329249446108295,-0.0038012097490516678,0.009874068992300034
2004-12-31,0.0330886303458361,0.0008721492936371554,-0.005707935599364784,0.0051172707095200115,-0.01026840436457224,-0.005134208797314514
2005-01-31,-0.02727082829568876,-0.0069770370930894296,0.026701022988465568,-0.01843406221095557,0.021266232482275552,-0.006433533148607036
2005-02-28,0.02030609341455902,-0.008123196630742416,0.016374369497462474,-0.004466454795610275,0.011220035289128138,0.008868270234935959
2005-03-31,-0.019196744541630745,-0.00875720853550088,0.01742390907121745,0.007371558617237275,0.008488280538466118,-0.005822546797647179
2005-04-30,-0.025219948210937825,-0.040523312643660034,0.004443357848526772,-0.006036795835455647,0.010763881400560294,-0.009508867440531296
2005-05-31,0.036307330926975655,0.022938159057539376,-0.015329192476552143,-0.003054164201817477,-0.014340903370640182,0.0026177101853375184
2005-06-30,0.0049411441049032,0.0273154410720167,0.023909126215398386,-0.009100420105299122,0.008791670236517855,0.0038844304968139657
2005-07-31,0.03999689596727641,0.0171923544426741,-0.009096748241887763,-0.012362614789290918,-0.01888716883214537,-0.009821868292195668
2005-08-31,-0.012161832587685922,-0.011003383659173964,0.001580287954084575,-0.008457649796398141,-0.010973758422757293,-0.00800140766926137
2005-09-30,0.005774081798236085,-0.003916552046181831,0.010976371436015191,-0.011736244192064062,0.0038365423576359366,0.003415220387459825
2005-10-31,-0.02033063262612979,-0.013352489429135538,-0.0019707761644292107,-0.0043618602198548136,-0.0073329850570892545,0.0022293514669279105
2005-11-30,0.03609065542818367,0.006708060691940451,-0.01042682521620962,-0.009678099586872664,-0.010699168512266807,0.005340772408524867
2005-12-31,-0.002634255030107099,-0.005962915526895914,0.000533451500099068,0.0001796619346852166,-0.005972493215921879,-0.008760083808914727
2006-01-31,0.029260838658798218,0.05461818411239644,0.011951323371799695,-0.010421360153047536,0.0049683630815862394,-0.007355075265183309
2006-02-28,-0.0011879846949487901,-0.0030337006905477608,-0.0028486096986332803,0.02406570581973646,-0.008168847566702778,0.006570952092678197
2006-03-31,0.013835972243933363,0.029204880873978583,0.002200777596205052,-0.0035910215461829736,0.002400866169028293,-0.0057133265111728
2006-04-30,0.006034801370700125,-0.005384809557701594,0.02177722852465496,-0.0068566732138601785,0.017029725006892208,-0.0014393842822770907
2006-05-31,-0.03595119551590713,-0.01919565085834956,0.015422274222810084,0.007928727807656112,0.009634576318690871,-0.003798152988148506
2006-06-30,-0.003927988899359807,-0.0019518845314284445,0.01512354196460159,0.002665076235297493,0.014947947887486372,0.002761041319506459
2006-07-31,-0.007252182014488533,-0.03425459441634582,0.028253146152164087,0.009714277044306746,0.021825512935200055,-0.0027838617270527014
2006-08-31,0.019973875117618386,0.0025229807805618003,-0.019338372595555604,0.01583184106057176,-0.020250495338690718,9.864983482206144e-05
2006-09-30,0.018372576680042368,-0.011101528936499669,-0.004729441226983601,0.003807635210328274,0.004692251182612474,0.007511836722409281
2006-10-31,0.03056502888300605,0.024033393858809857,-0.0056459798768953295,0.0014450860320745773,-0.0076467975430185705,0.002288585397023639
2006-11-30,0.01669532902150976,0.0061880504929698425,0.0009881111809068553,-0.010315286309846385,0.00023018673005139809,-0.005927535097636244
2006-12-31,0.007848488289245266,-0.008953077177286035,0.010548713972806193,0.01772394564419398,-0.000383032278866418,0.008830237197087467
2007-01-31,0.013633791422855495,-0.0018384451723916333,-0.007688793131376432,-0.0005853489934284084,-0.001375827119066364,0.004397469666316699
2007-02-28,-0.018712526054009644,0.006807815480866796,0.0010902550373748047,-0.006867772012240101,-0.010251864404244816,-0.0008108587920461685
2007-03-31,0.006182146912322746,-0.004345729921851789,-0.008615474117873556,-0.003202438520579734,-0.008074161061926816,-0.0022008632343644297
2007-04-30,0.037349293840241285,-0.02314671528766111,-0.013960539325319895,0.005563060932595336,-0.003760176047280357,0.002553160029209613
2007-05-31,0.031991903918343334,-0.001811452665764428,-0.0016322505797478348,-0.011302661120859007,0.0030954114932779525,-0.003942019667211444
2007-06-30,-0.020828535049201482,0.005126737527494103,-0.008997086746707874,-0.0020930251239491,0.00014426517069839398,6.226862531135552e-05
2007-07-31,-0.037296667590269686,-0.03138370004793377,-0.024001704572525658,-0.0051831085997648685,-0.011566823851457264,-0.0037645442280879603
2007-08-31,0.010097025001955464,-0.0028419545012649122,-0.0188056368599746,-0.0021326141163612016,-0.011409737705530484,-0.0006116666600188107
2007-09-30,0.03296548055768258,-0.02964527347141448,-0.01872016093460688,-0.017104588694935363,-0.012973310518623958,0.0022675264273017
2007-10-31,0.017500886753191953,-0.004361869879318931,-0.02751597410634021,-0.00717419311227226,-0.02392376059648579,0.012984822237575813
2007-11-30,-0.049066285245669215,-0.024686747073489057,-0.0073817886759081205,0.003075142237642173,0.004864845734392088,-0.008262563310145757
2007-12-31,-0.008916308142730516,-0.006233582178562072,0.0007090626044385451,-0.005497259561186964,-0.003475200379220357,-0.0196014434289681
2008-01-31,-0.06173968625204074,0.011229937131942008,0.033095289491083875,0.0027864410728064906,0.035723990159296816,-0.004034603499275431
2008-02-29,-0.0323159357847737,-0.009849898109713607,-0.014788672417945981,-0.00047876532270787336,-0.0005415410420899422,-0.017390551767464894
2008-03-31,-0.007575859026847051,0.015977401216569678,0.00368359575199829,-0.002259890858069029,0.013249998756930257,0.004079309597734364
2008-04-30,0.044763356710259335,-0.018856495897610848,0.004324547447626434,-0.011043433207041651,0.010383330731772831,-0.0011020339860645376
2008-05-31,0.0180168328264577,0.027221838783077684,-0.01257165640841115,-0.0008578913451920965,-0.013951554786423428,-0.001291304155442513
2008-06-30,-0.08392166972031548,0.007139769511952027,-0.008063280918959527,-0.0023423520856691304,0.01990932466386358,-0.01941692243652479
2008-07-31,-0.006278692696332597,0.06008499430011996,-0.008274572766080616,0.01817666328423489,-0.017439744909801366,0.019111917681379643
2008-08-31,0.015197493526855543,0.04065828245118317,0.013902387299041565,0.00938731045985295,0.01383367012139482,0.016242312838602727
2008-09-30,-0.09381639430975414,0.042198607461874336,0.02012208382457608,0.02297340703509433,0.05105335687644802,0.0386871973011666
2008-10-31,-0.17173655296178358,-0.011110924470858985,-0.016377459816792117,0.03115464687437555,0.02022268933442481,0.007048944301155852
2008-11-30,-0.07678587701369588,-0.03590848789681346,-0.02512183436788504,0.013321246804277669,0.011526542223496666,0.002936998698594317
2008-12-31,0.018672189693505824,0.03482397365365875,-0.008131785909914254,-0.003767612230680593,-0.0018480795914297614,-0.012425355533063186
2009-01-31,-0.0791464696918834,-0.03208310301195332,-0.06642948163980457,0.0016516412011416404,-0.025292469741535428,-0.035805829673554224
2009-02-28,-0.10048815626990472,-0.010279361091069722,-0.04381736187489546,0.004689443285443337,0.004824556315725231,0.003283403046686062
2009-03-31,0.08901790565014372,0.01023983565964348,0.005055384331245527,-0.020238581993264296,-0.015494531843638304,0.017561268744011732
2009-04-30,0.0989469895724326,0.05552269587013768,0.04332697951800735,0.0030409354843383696,0.029528982614016906,-0.0002661825890570846
2009-05-31,0.05065572754258199,-0.03815289776202232,3.287518799119371e-05,-0.023269059576165964,-0.006254454088420486,-0.0065050757096540785
2009-06-30,0.004859707857515139,0.022369524820427658,-0.02966437520472058,0.010215010886499896,-0.02642948471256184,8.422337700900259e-05
2009-07-31,0.0772541298690071,0.031120586332005207,0.02360671120276616,0.02824992786722066,0.009599709813903082,0.03234320123501555
2009-08-31,0.03278377767604459,0.002434699307089415,0.0392371481795224,0.016696089235851242,-0.0011176331333236226,0.02936455689741568
2009-09-30,0.04029447296615238,0.01870590125226594,0.014478143903283338,0.008363227430687882,0.01916147543357489,-0.0062563108039554866
2009-10-31,-0.023787178016241788,-0.043863142302702086,-0.011849166404852113,-0.003826095491658453,0.02318094882287656,-0.008362682842866759
2009-11-30,0.0570718850770684,-0.026458441027071417,-0.00040417065167745736,0.0015419559710566286,0.0025261111834958896,0.003136403005162658
2009-12-31,0.02789660548414379,0.056361170433538665,-0.0013587694392243055,0.00801118621084889,0.002925060646664382,0.00047662809626367736
2010-01-31,-0.03644455154759967,0.00980167299909384,0.003673101809924764,-0.0020178987903640595,0.0016103813172108662,0.002805680676885761
2010-02-28,0.03414427275445913,0.011814903565577165,0.01842556694771564,0.008316463195465008,-0.0034441883832667386,0.0015909214640485794
2010-03-31,0.06214517600906023,0.017339149421391226,0.00832304573035289,0.01082067967568992,-9.98743808255792e-05,0.013213615657750656
2010-04-30,0.019891341130969967,0.04796639950823869,0.016421605172866668,0.007627797481177563,0.0018144705296954664,0.020740726393584485
2010-05-31,-0.07808032044617415,0.0037463051522074603,-0.022193122623508282,-2.2875046256504157e-06,-0.0031728649689508337,-0.013967964569244859
2010-06-30,-0.0579360857452744,-0.020044876573341117,-0.03430497811101603,-0.015787086610818738,-0.015339672312714587,-0.016638837585173913
2010-07-31,0.06922711656588575,-0.0012974825428683778,0.009173264812017634,0.011899327498411829,0.003893858944439553,0.0031396448081978945
2010-08-31,-0.04711701415740281,-0.030395444603638005,-0.003563062504141574,-0.023397228867688614,0.0040369677546477425,-0.017592751437367368
2010-09-30,0.09526130549187553,0.037685072880088884,-0.024006192075548785,0.012156788731931751,-0.009352986341210831,0.005635444739211681
2010-10-31,0.03779505847513718,0.0035822003181635595,-0.014832161611246272,0.0059956112389974855,0.005375829394687212,-0.015536772282025026
2010-11-30,0.0059083574325155715,0.03633911136261397,-0.011412218077704421,0.009974282802425558,-0.0038250834551566827,0.004104208366627268
2010-12-31,0.06710029589496715,0.004411923177935054,0.014205118414799628,0.02674109661828633,-0.01937218739441316,0.01776738910542419
2011-01-31,0.020625393098561054,-0.029435123604871594,0.002329803850127307,0.01133608183151052,-0.010477721573957008,-0.002250862573177144
2011-02-28,0.034687301581966326,0.015311214709882129,0.0042096770188997795,-0.0037674183715811905,-0.009904465995023044,-0.0020205308686775253
2011-03-31,0.005203196094484277,0.024084601528524992,-0.0062334901736964534,-0.0019836046623368207,0.008343793977062721,-0.002809577796882047
2011-04-30,0.02960054725452735,-0.006767277557099605,-0.01699521054530637,-0.00902038262074588,0.0011502657426545324,-0.009815609663319987
2011-05-31,-0.01281450725785022,-0.0009272233152815037,-0.008527313172474503,-0.014327877727291003,0.0077302086830486295,-0.00854714863866593
2011-06-30,-0.0170445809256906,0.003265358185282799,0.009284165358309884,-0.009172467811083244,0.013610415281840269,-0.0005656304572165818
2011-07-31,-0.022529019168570526,-0.010627101553873062,0.00278018668573269,-0.007646225677682369,0.01846495116282478,-0.003838602679749323
2011-08-31,-0.05950540652204096,-0.019770234615085064,0.00542598256869492,-0.003275457832993725,0.021130880469244773,-0.008442240303318513
2011-09-30,-0.07444876651409732,-0.025619129954542668,0.000904531056975813,0.003058513041035909,0.018621195679794075,-0.00834393454428585
2011-10-31,0.11239358004774942,0.03308330775012185,-0.013951344386884584,-0.0032018056156624397,-0.02016791996899786,0.01595008078544699
2011-11-30,-0.0015707167937944481,0.0038423956831635134,-0.0016281388476014182,0.004137318752304523,0.005328543591991784,-0.0012242647310520096
2011-12-31,0.007233774704175894,0.0019182041303038065,0.021149698895375456,0.014092846655515329,0.012473655985532113,0.002342347759854989
2012-01-31,0.04955916986565266,0.02527430488439449,-0.027764256060322283,-3.686604049320946e-05,-0.023162802763649223,0.018405961540844985
2012-02-29,0.043553125209110234,-0.013294140489528213,0.00048449515263179754,-0.0033583674659833987,0.001957388608050531,0.0028670940408554928
2012-03-31,0.03110303447246128,0.0036694847951919173,-0.003624130253327196,0.012272709358767423,-0.0004230911422732213,0.010863691546175024
2012-04-30,-0.007698442771864317,-0.008811787956751447,-0.006336710008256467,0.008782622333971543,-0.0033773477867675428,-0.006305350040997007
2012-05-31,-0.06180600034692206,0.0033046405312626014,0.0013825709448244685,0.014980237771586446,0.011759079361789168,-0.002319212726521136
2012-06-30,0.03818694671866143,0.012256398500178293,0.0007746858824993067,0.010461245251639932,-0.007592468354577983,-0.004147623869082698
2012-07-31,0.008466219743671222,-0.02726555501651329,0.006485647388594913,-0.004449978538212995,0.00642704055272093,-0.011458910193512532
2012-08-31,0.025411802698652255,0.006537772298704843,-0.0067529913046737505,-0.009021673537082508,-0.008932074532371109,0.004177828974148236
2012-09-30,0.02627774626321667,0.00761915450629767,0.0021576985728427238,0.011208226185858644,-0.0031347979181429245,-0.000696765688843172
2012-10-31,-0.01784944475508676,-0.0068550446390605035,0.02228280721908608,0.0007263567356998422,-0.0012628999423040506,-0.0022832566989772
2012-11-30,0.0067018235351968035,0.004269342614464471,-0.017411844180845442,0.003714533176507453,0.0011739620347568994,0.00019602925962172206
2012-12-31,0.011396940243766394,0.01323957995698074,0.020204764875005183,0.0008695674847052638,0.0009511137096433717,0.0015011215415930458
2013-01-31,0.05482910132421756,0.004350211252702685,0.005997619805101682,0.0059247469730985824,-0.004605359506541833,0.0040279928946984345
2013-02-28,0.012490957427250834,-0.006047895333513057,0.005295743431527661,0.006473274936351208,0.001208969348706115,-0.0044736153841986115
2013-03-31,0.03946297222656812,0.007891231275966637,-0.00026753269134106167,0.010985847249274018,0.0016073248892706506,0.0044555015495161285
2013-04-30,0.01633734004024386,-0.021572327789057138,0.0031240105014357943,0.009011946628323223,0.002472917582094416,-0.00030669560633570566
2013-05-31,0.02830785670023952,0.020888259253589742,0.005782305718670139,-0.006010328252597792,-0.0021380328762065012,0.009254706469837844
2013-06-30,-0.012886172099734614,0.005825510728318543,-0.0008924140346585186,0.002695939723902913,-0.0034968178754048052,0.00022145938899149038
2013-07-31,0.0564816767170594,0.02326354813764378,0.0035861160528601046,0.012841867013150224,-0.0019873437774125253,0.000363806638912334
2013-08-31,-0.02713093165144347,0.0004840902897013909,-0.012795946087051195,-0.014915403691693134,0.0015462619006136671,0.008603520906680491
2013-09-30,0.03684424113601357,0.02985592235870552,-0.01101087247517573,-0.006883860557166853,-0.002780838456058178,0.0021860918792809964
2013-10-31,0.041792317670012666,-0.007928564713903165,0.011904982824389516,0.010674041572748198,0.01670020236552543,0.0032234715595004307
2013-11-30,0.032048291462276564,0.014971905407655944,0.0010471082828806266,0.00727844328824767,0.009036483339039308,-0.00266359595162053
2013-12-31,0.02557807364651969,-0.006465090612103604,-0.007838765796537969,0.0019387680463752515,-0.008759015742147415,-0.0005373286482822717
2014-01-31,-0.033954792396405024,0.0003774123804746038,-0.011340091705015126,-0.008116462733251867,-0.0203512855568371,-0.011740647517275802
2014-02-28,0.04681939834397116,0.0022100525713096425,0.0029738560095947386,-0.012875669471535268,0.00556311103579965,-0.009346796975085177
2014-03-31,0.006602963668668936,-0.012522643756604694,0.033918171338330805,0.007247602855803246,0.020712003336780027,-4.931627225913254e-07
2014-04-30,0.0004902472042909805,-0.03398727867565456,0.011711709713491772,-0.0025453293004887995,0.013764321805277693,0.001150060109126036
2014-05-31,0.019991518380817856,-0.01425177175542277,-0.002932234227694251,-0.0017397759679353005,-0.0014891381160253706,-0.0045748817295195926
2014-06-30,0.02455072573084084,0.02421770457549124,-0.0044345834162487704,-0.011005404972894338,-0.009925554910657018,0.010575732813439438
2014-07-31,-0.019226190918888872,-0.04251987283836845,0.006395145516271157,0.0023159944119420864,0.008976207032675529,0.0034447015183941138
2014-08-31,0.04277758263529182,0.004727158049236603,-0.01139320622554645,-0.008087767808420548,-0.010164863603662477,-0.006319460497759416
2014-09-30,-0.01920866059024949,-0.03632902814008795,-0.012822874713093116,0.0035314922065103407,0.00044017980347510477,0.00414154335390602
2014-10-31,0.02596724373503164,0.03892069847084216,-0.01409062227076064,0.008007498156056787,-0.009072086065614429,-0.0014633688634774072
2014-11-30,0.025536736686409173,-0.02178374973303355,-0.02142095971084401,0.005079862569191842,-0.0016014636839348474,-0.005991884071175416
2014-12-31,-0.00093271630868793,0.027253159708443817,0.013370729981231386,0.002174707296782227,-0.00194807882606462,-0.00586170428949828
2015-01-31,-0.030521302970624005,-0.01094730580814246,-0.02313779380567097,-0.008369867854659194,-0.007709250042744475,0.00749488546919852
2015-02-28,0.06036436821656339,0.003981875624026411,-0.015467702858840969,-0.006347477766184814,-0.0014870459641296851,-0.0013732122044926294
2015-03-31,-0.012078922359213179,0.034338299848241924,-0.00010196485300609974,-0.009156125022264127,0.0034636600550475697,-0.0048799291866919075
2015-04-30,0.006651556183477598,-0.029460349412306894,0.014072598840088386,0.0005199214923326365,0.0025927611823290298,-0.002211221426063446
2015-05-31,0.013505718388940328,0.001655838974371767,-0.015264287823721712,-0.0005539440240440262,-0.015164385624699853,-0.0028458728128946892
2015-06-30,-0.015695972170029267,0.031166077598820112,-0.00892500672071361,-0.003733788023341715,0.004780526225828649,-0.0067016088212010355
2015-07-31,0.015874271497149962,-0.04875699872570145,-0.04557473855332976,-0.015751501694985813,-0.025631622186324143,-0.008176255210828988
2015-08-31,-0.05932755998718162,0.007515326419555025,0.019921109533140163,-0.005690292945451618,0.009435063507577944,-0.00014933151180056975
2015-09-30,-0.030114365961792688,-0.02632889783542629,0.010229592070607849,-0.0059611124863091355,0.0015644346490432256,0.003969580760978156
2015-10-31,0.07788667513565348,-0.015159884742887375,-0.0030979439692664645,0.006330258495220592,0.004047871980151496,0.006863053262489427
2015-11-30,0.006563174265186083,0.032186425791748734,-0.0034207112112972504,-0.004912685371779236,-0.018046699895050405,0.000198764830403958
2015-12-31,-0.021620387358369013,-0.028554032855559238,-0.02443452897929504,0.006115510013722431,-0.016756993072195615,-0.003183185465334276
2016-01-31,-0.059228545692836636,-0.019106825929353644,0.022803798483658842,0.007321095046933054,0.010353739815346014,0.003394339054453175
2016-02-29,-0.0006764530566937536,0.012160764573483876,-0.000800266941310734,0.02075038164565493,0.013740919041320744,0.0038493297157450174
2016-03-31,0.06965799881362653,0.009843964636357214,0.0068039820010147144,-9.160553343171009e-05,0.00603469713614857,0.0007311665007672383
2016-04-30,0.007958876259591347,0.003505569938354641,0.03381357430533718,0.008413842893218976,0.007534141570958153,-0.00017414437157449794
2016-05-31,0.018179059257847217,-0.00917866341087608,-0.02356254312861275,-0.013387450358410805,-0.022632852652866214,0.003023290960299919
2016-06-30,-0.0016890867400197822,-0.002779395250258822,0.004616790889306981,0.003744381525892799,-0.00304846444868538,0.018841814985131745
2016-07-31,0.04093007608962716,0.025646260482345973,-0.0053310937576347,-0.010261503763201354,0.008075572165080466,0.005382901861723223
2016-08-31,0.004550171668133202,0.0151004126289376,0.01840802892604275,-0.0040706631730088,-0.007974971861502332,0.01819768871959996
2016-09-30,0.0027583121832199004,0.01681495502342091,-0.008014476477309004,0.007152843929677433,-0.02337074975118656,0.006753062829368081
2016-10-31,-0.02000845185934623,-0.0391224027608395,0.025701849595582242,-0.007272776860628275,0.008733461086065479,-0.008496132610311971
2016-11-30,0.04845003082754098,0.058756931035113785,0.053338462824307736,0.012552615386970679,0.014205890944982175,0.02430296118683287
2016-12-31,0.01829249710565662,0.004410225970759431,0.02802430274148293,-0.010554747177163456,0.011310483417006823,-0.008322860913162707
2017-01-31,0.01855937203097597,-0.015106287087336832,-0.017186100454240308,-0.013816869097774704,-0.010238145588561237,0.009636589278224951
2017-02-28,0.036503034838480136,-0.021505253192715318,-0.0091125828776956,-0.010988747598524484,0.002284761531241239,-0.007550364983387809
2017-03-31,0.001522388425811276,0.005393103986694001,-0.024777819672138626,0.003408237994029632,-0.00660428393131285,-0.005612149952217999
2017-04-30,0.011028177785919005,0.003876830943028948,-0.009348931118969886,-0.005696285635508035,0.008877450948042,-0.003622416657512348
2017-05-31,0.010521344802868248,-0.02361221326250789,-0.029212733796225486,-0.011180040011166369,-0.005052177614735447,0.004915169835519016
2017-06-30,0.0087843100235735,0.015268298064327631,0.009306243890620331,-0.002137140289045849,0.0017995167881123407,0.0034814849706788394
2017-07-31,0.018684571152990333,-0.011565966925834364,-0.0014334268668580244,0.0003468230855423575,-0.00045873198556548733,-2.3822790041243963e-05
2017-08-31,0.0012439114564449722,-0.017334881546515458,-0.01644075363600147,-0.015817398680971276,-0.0055788335492927285,-0.001856988103389294
2017-09-30,0.025631887711828786,0.03951452668592916,0.01737287519718582,0.00906918591984153,0.0010105174809204656,-0.003837644797053889
2017-10-31,0.022662889571705744,-0.010403110184614496,-0.008728729272800738,-0.028804838516908668,-0.0005556969777775114,-0.0018541539704635718
2017-11-30,0.03157013026028488,-0.0019275886003093413,0.007305562524746439,-0.004451951597756916,0.02548028681347313,-3.2287022807938465e-05
2017-12-31,0.00965929562901856,-0.01647726031358332,0.0006058238496762687,0.013039189721035136,0.010149065065828071,-0.011881647398233584
2018-01-31,0.05577802133998957,-0.026577601586322386,-0.01734886761998089,-0.0012700579289899596,0.004071225430034957,-0.010660546070688198
2018-02-28,-0.03662852316411912,0.007795560225474701,-0.009220164205575771,-0.007769128188701137,0.00403864310218581,-0.005371825575149689
2018-03-31,-0.023244007619793842,0.03368747015220085,-0.0022186120743307863,-0.004564109985786409,-0.016251111959528566,0.00737794843655362
2018-04-30,0.0036846482537930244,-0.001727804354514281,-0.008296563179159128,0.005192270042208839,-0.02405507019359229,-0.009006983338701958
2018-05-31,0.0271895360121265,0.047352430423705655,-0.020116848744646167,-0.017314516185797012,-0.01400394090211398,-0.009526155450600165
2018-06-30,0.0038737104950360415,0.006463020282517643,-0.01405022007722274,0.0009386900478932838,0.00039871702415210716,-0.007406178474631722
2018-07-31,0.032835520020404636,-0.013547874267181707,-0.0083398830818089,0.015234572558751824,0.003366378140707997,-0.004414523464853229
2018-08-31,0.03477791817194207,0.012515523939655477,-0.025073345485241386,-0.022246653686873515,-0.0062025737294669,-0.0005288943764562153
2018-09-30,-2.0020726820561786e-05,-0.02651843486229812,-0.01209129712990822,0.008787179291586176,0.003216933143794001,0.0006236131879497497
2018-10-31,-0.07652026367285941,-0.04145554525046508,0.028475452875447317,0.007501896696840941,0.015969352387516206,-0.012068438326868993
2018-11-30,0.015638344886952482,-0.005528701393635822,-0.00593754543043055,-0.0037504382830446563,-0.00694424513749922,-0.014068112044201464
2018-12-31,-0.09662960457708183,-0.025594468179724272,-0.02001445699450087,-0.0025548721723934608,-0.006428537103061072,-0.0021345635403764024
2019-01-31,0.08549317255306013,0.021816932991693072,0.0032129326620627674,-0.0036894950962428064,-0.0039940382532813465,0.0095743742206177
2019-02-28,0.035851807019310684,0.013022904944567149,-0.017965128287243632,-0.004549114349809792,-0.005875229877796886,0.002164713326954698
2019-03-31,0.011085212900806123,-0.03173667889889517,-0.028856442708304324,-0.003226716108746053,-0.010675830066619865,-0.010940522866824695
2019-04-30,0.03903690903911165,-0.010768841543388905,0.006792301240857959,-0.0030747510039538586,0.007815983806177916,-0.003435570012981573
2019-05-31,-0.068279054316324,-0.020653819533762663,-0.011316326250866274,-0.0027838700931397675,-0.006687479135072546,-0.009541178738547372
2019-06-30,0.07015355498593323,0.005733912679878231,-0.007389672153471416,0.0026162354434528245,0.0008151677480145031,-0.0035676651672130045
2019-07-31,0.01354573582485064,-0.01634966390712804,-0.006202024922190804,0.00115185643864512,-0.005980741077046589,-0.008582666404983029
2019-08-31,-0.02503665178141179,-0.026137288452814246,-0.03547448682350813,-0.00651954678050299,-0.012250948474267031,-0.027308500942453386
2019-09-30,0.015608059077486997,0.004020902399564472,0.04982966406429736,0.011304621505284593,0.020403222731800636,0.009906391807723656
2019-10-31,0.02132639783839493,0.005752230064973815,-0.0076774519228269686,-0.011291119245321548,0.0016712904769979053,-0.005787795979186827
2019-11-30,0.03848503648904048,-0.002606415040925777,-0.007740499357968778,-0.003253637173166297,0.0003113981017218853,0.00985510445634799
2019-12-31,0.02768374275228308,0.008841394296862155,0.00859422201631427,0.0033665158470573553,0.0014087900181693205,0.006053281204448278
2020-01-31,-0.0015290567709775873,-0.033599067200927264,-0.06553728485929705,-0.01757452122972207,-0.030522255951426006,-0.004821402510695419
2020-02-29,-0.08197191487283421,0.0025530327657820595,-0.029704863159147943,-0.008214415522475982,-0.00827525596235795,-0.016923149336213028
2020-03-31,-0.1325955664269398,-0.06288967090998895,-0.11173814534585336,0.012741563245212556,-0.04249616418720442,-0.028630239494457976
2020-04-30,0.1378599646051369,0.030285958494430637,0.004797453901080523,0.008631161237212331,0.015251228854986391,0.029026429074449082
2020-05-31,0.054080068915670736,0.015508904259119204,-0.04747527457712615,-0.02914821109632512,-0.00636975102291315,0.003819250960180653
2020-06-30,0.02532634388806513,0.024487936411146584,-0.010347645926249895,-0.005246704218391313,0.0069095017907776606,0.018950256243159897
2020-07-31,0.05694171111043664,-0.019335475382742145,-0.027741401427008417,-0.002387733329433817,-0.007901087389357436,-0.012473102284236464
2020-08-31,0.07590135048952118,0.015319394528639688,-0.017157657791971606,-0.01161878275047317,0.028450505795949182,0.0028338580339457714
2020-09-30,-0.03797857122354902,-0.015824259895775517,-0.009038077523376395,-0.003895312910357149,-0.0006735938645352976,-0.012287823647599477
2020-10-31,-0.02013873127434829,0.04191564210614624,0.021759391108681084,-0.010488872146267316,-0.0031784338200446078,-0.0042751309664910905
2020-11-30,0.12206015159369173,0.06015840299592476,0.03593250196070846,0.01565959360707886,0.022362751683583204,0.03841405276258364
2020-12-31,0.04663475035264555,0.03810200406948809,-0.00812823515093089,-0.015194028575914368,-0.0074727731828306,0.013587263557745366
